Track,Position,No,Driver,Team,Starting Grid,Laps,Time/Retired,Points,+1 Pt,Fastest Lap
Bahrain,1,16,Charles Leclerc,Ferrari,1,57,1:37:33.584,26,Yes,1:34.570
Bahrain,2,55,Carlos Sainz,Ferrari,3,57,+5.598,18,No,1:35.740
Bahrain,3,44,Lewis Hamilton,Mercedes,5,57,+9.675,15,No,1:36.228
Bahrain,4,63,George Russell,Mercedes,9,57,+11.211,12,No,1:36.302
Bahrain,5,20,Kevin Magnussen,Haas Ferrari,7,57,+14.754,10,No,1:36.623
Bahrain,6,77,Valtteri Bottas,Alfa Romeo Ferrari,6,57,+16.119,8,No,1:36.599
Bahrain,7,31,Esteban Ocon,Alpine Renault,11,57,+19.423,6,No,1:37.110
Bahrain,8,22,Yuki Tsunoda,AlphaTauri RBPT,16,57,+20.386,4,No,1:37.104
Bahrain,9,14,Fernando Alonso,Alpine Renault,8,57,+22.390,2,No,1:36.733
Bahrain,10,24,Guanyu Zhou,Alfa Romeo Ferrari,15,57,+23.064,1,No,1:36.685
Bahrain,11,47,Mick Schumacher,Haas Ferrari,12,57,+32.574,0,No,1:36.956
Bahrain,12,18,Lance Stroll,Aston Martin Aramco Mercedes,19,57,+45.873,0,No,1:37.146
Bahrain,13,23,Alexander Albon,Williams Mercedes,14,57,+53.932,0,No,1:37.355
Bahrain,14,3,Daniel Ricciardo,McLaren Mercedes,18,57,+54.975,0,No,1:37.261
Bahrain,15,4,Lando Norris,McLaren Mercedes,13,57,+56.335,0,No,1:36.988
Bahrain,16,6,Nicholas Latifi,Williams Mercedes,20,57,+61.795,0,No,1:38.251
Bahrain,17,27,Nico Hulkenberg,Aston Martin Aramco Mercedes,17,57,+63.829,0,No,1:38.201
Bahrain,18,11,Sergio Perez,Red Bull Racing RBPT,4,56,DNF,0,No,1:36.089
Bahrain,19,1,Max Verstappen,Red Bull Racing RBPT,2,54,DNF,0,No,1:35.440
Bahrain,NC,10,Pierre Gasly,AlphaTauri RBPT,10,44,DNF,0,No,1:37.324
Saudi Arabia,1,1,Max Verstappen,Red Bull Racing RBPT,4,50,1:24:19.293,25,No,1:31.772
Saudi Arabia,2,16,Charles Leclerc,Ferrari,2,50,+0.549,19,Yes,1:31.634
Saudi Arabia,3,55,Carlos Sainz,Ferrari,3,50,+8.097,15,No,1:31.905
Saudi Arabia,4,11,Sergio Perez,Red Bull Racing RBPT,1,50,+10.800,12,No,1:32.042
Saudi Arabia,5,63,George Russell,Mercedes,6,50,+32.732,10,No,1:32.821
Saudi Arabia,6,31,Esteban Ocon,Alpine Renault,5,50,+56.017,8,No,1:33.103
Saudi Arabia,7,4,Lando Norris,McLaren Mercedes,11,50,+56.124,6,No,1:32.753
Saudi Arabia,8,10,Pierre Gasly,AlphaTauri RBPT,9,50,+62.946,4,No,1:33.468
Saudi Arabia,9,20,Kevin Magnussen,Haas Ferrari,10,50,+64.308,2,No,1:32.779
Saudi Arabia,10,44,Lewis Hamilton,Mercedes,15,50,+73.948,1,No,1:32.997
Saudi Arabia,11,24,Guanyu Zhou,Alfa Romeo Ferrari,12,50,+82.215,0,No,1:33.924
Saudi Arabia,12,27,Nico Hulkenberg,Aston Martin Aramco Mercedes,17,50,+91.742,0,No,1:33.651
Saudi Arabia,13,18,Lance Stroll,Aston Martin Aramco Mercedes,13,49,+1 lap,0,No,1:34.446
Saudi Arabia,14,23,Alexander Albon,Williams Mercedes,16,47,DNF,0,No,1:34.368
Saudi Arabia,NC,77,Valtteri Bottas,Alfa Romeo Ferrari,8,36,DNF,0,No,1:33.979
Saudi Arabia,NC,14,Fernando Alonso,Alpine Renault,7,35,DNF,0,No,1:33.831
Saudi Arabia,NC,3,Daniel Ricciardo,McLaren Mercedes,14,35,DNF,0,No,1:34.487
Saudi Arabia,NC,6,Nicholas Latifi,Williams Mercedes,18,14,DNF,0,No,1:37.530
Saudi Arabia,NC,22,Yuki Tsunoda,AlphaTauri RBPT,19,0,DNS,0,No,
Saudi Arabia,NC,47,Mick Schumacher,Haas Ferrari,20,0,DNS,0,No,
Australia,1,16,Charles Leclerc,Ferrari,1,58,1:27:46.548,26,Yes,1:20.260
Australia,2,11,Sergio Perez,Red Bull Racing RBPT,3,58,+20.524,18,No,1:21.094
Australia,3,63,George Russell,Mercedes,6,58,+25.593,15,No,1:21.495
Australia,4,44,Lewis Hamilton,Mercedes,5,58,+28.543,12,No,1:21.886
Australia,5,4,Lando Norris,McLaren Mercedes,4,58,+53.303,10,No,1:22.248
Australia,6,3,Daniel Ricciardo,McLaren Mercedes,7,58,+53.737,8,No,1:22.451
Australia,7,31,Esteban Ocon,Alpine Renault,8,58,+61.683,6,No,1:22.469
Australia,8,77,Valtteri Bottas,Alfa Romeo Ferrari,12,58,+68.439,4,No,1:21.651
Australia,9,10,Pierre Gasly,AlphaTauri RBPT,11,58,+76.221,2,No,1:22.731
Australia,10,23,Alexander Albon,Williams Mercedes,20,58,+79.382,1,No,1:22.589
Australia,11,24,Guanyu Zhou,Alfa Romeo Ferrari,14,58,+81.695,0,No,1:22.541
Australia,12,18,Lance Stroll,Aston Martin Aramco Mercedes,19,58,+88.598,0,No,1:23.592
Australia,13,47,Mick Schumacher,Haas Ferrari,15,57,+1 lap,0,No,1:23.006
Australia,14,20,Kevin Magnussen,Haas Ferrari,16,57,+1 lap,0,No,1:23.071
Australia,15,22,Yuki Tsunoda,AlphaTauri RBPT,13,57,+1 lap,0,No,1:23.342
Australia,16,6,Nicholas Latifi,Williams Mercedes,18,57,+1 lap,0,No,1:23.882
Australia,17,14,Fernando Alonso,Alpine Renault,10,57,+1 lap,0,No,1:20.846
Australia,NC,1,Max Verstappen,Red Bull Racing RBPT,2,38,DNF,0,No,1:21.677
Australia,NC,5,Sebastian Vettel,Aston Martin Aramco Mercedes,17,22,DNF,0,No,1:25.189
Australia,NC,55,Carlos Sainz,Ferrari,9,1,DNF,0,No,
Emilia Romagna,1,1,Max Verstappen,Red Bull Racing RBPT,1,63,1:32:07.986,26,Yes,1:18.446
Emilia Romagna,2,11,Sergio Perez,Red Bull Racing RBPT,3,63,+16.527,18,No,1:18.949
Emilia Romagna,3,4,Lando Norris,McLaren Mercedes,5,63,+34.834,15,No,1:20.903
Emilia Romagna,4,63,George Russell,Mercedes,11,63,+42.506,12,No,1:20.962
Emilia Romagna,5,77,Valtteri Bottas,Alfa Romeo Ferrari,7,63,+43.181,10,No,1:20.758
Emilia Romagna,6,16,Charles Leclerc,Ferrari,2,63,+56.072,8,No,1:18.574
Emilia Romagna,7,22,Yuki Tsunoda,AlphaTauri RBPT,12,63,+61.110,6,No,1:20.544
Emilia Romagna,8,5,Sebastian Vettel,Aston Martin Aramco Mercedes,13,63,+70.892,4,No,1:21.211
Emilia Romagna,9,20,Kevin Magnussen,Haas Ferrari,8,63,+75.260,2,No,1:21.238
Emilia Romagna,10,18,Lance Stroll,Aston Martin Aramco Mercedes,15,62,+1 lap,1,No,1:21.750
Emilia Romagna,11,23,Alexander Albon,Williams Mercedes,18,62,+1 lap,0,No,1:21.757
Emilia Romagna,12,10,Pierre Gasly,AlphaTauri RBPT,17,62,+1 lap,0,No,1:21.713
Emilia Romagna,13,44,Lewis Hamilton,Mercedes,14,62,+1 lap,0,No,1:21.419
Emilia Romagna,14,31,Esteban Ocon,Alpine Renault,16,62,+1 lap,0,No,1:21.887
Emilia Romagna,15,24,Guanyu Zhou,Alfa Romeo Ferrari,20,62,+1 lap,0,No,1:21.286
Emilia Romagna,16,6,Nicholas Latifi,Williams Mercedes,19,62,+1 lap,0,No,1:21.338
Emilia Romagna,17,47,Mick Schumacher,Haas Ferrari,10,62,+1 lap,0,No,1:18.999
Emilia Romagna,18,3,Daniel Ricciardo,McLaren Mercedes,6,62,+1 lap,0,No,1:21.577
Emilia Romagna,NC,14,Fernando Alonso,Alpine Renault,9,6,DNF,0,No,1:39.685
Emilia Romagna,NC,55,Carlos Sainz,Ferrari,4,0,DNF,0,No,
Miami,1,1,Max Verstappen,Red Bull Racing RBPT,3,57,1:34:24.258,26,Yes,1:31.361
Miami,2,16,Charles Leclerc,Ferrari,1,57,+3.786,18,No,1:31.488
Miami,3,55,Carlos Sainz,Ferrari,2,57,+8.229,15,No,1:31.790
Miami,4,11,Sergio Perez,Red Bull Racing RBPT,4,57,+10.638,12,No,1:31.819
Miami,5,63,George Russell,Mercedes,12,57,+18.582,10,No,1:32.195
Miami,6,44,Lewis Hamilton,Mercedes,6,57,+21.368,8,No,1:32.941
Miami,7,77,Valtteri Bottas,Alfa Romeo Ferrari,5,57,+25.073,6,No,1:33.184
Miami,8,31,Esteban Ocon,Alpine Renault,20,57,+28.386,4,No,1:33.163
Miami,9,23,Alexander Albon,Williams Mercedes,18,57,+32.365,2,No,1:33.447
Miami,10,18,Lance Stroll,Aston Martin Aramco Mercedes,10,57,+37.026,1,No,1:33.312
Miami,11,14,Fernando Alonso,Alpine Renault,11,57,+37.128,0,No,1:33.331
Miami,12,22,Yuki Tsunoda,AlphaTauri RBPT,9,57,+40.146,0,No,1:33.035
Miami,13,3,Daniel Ricciardo,McLaren Mercedes,14,57,+40.902,0,No,1:33.265
Miami,14,6,Nicholas Latifi,Williams Mercedes,19,57,+49.936,0,No,1:34.169
Miami,15,47,Mick Schumacher,Haas Ferrari,15,57,+73.305,0,No,1:32.528
Miami,16,20,Kevin Magnussen,Haas Ferrari,16,56,DNF,0,No,1:33.511
Miami,17,5,Sebastian Vettel,Aston Martin Aramco Mercedes,13,54,DNF,0,No,1:33.479
Miami,NC,10,Pierre Gasly,AlphaTauri RBPT,7,45,DNF,0,No,1:34.487
Miami,NC,4,Lando Norris,McLaren Mercedes,8,39,DNF,0,No,1:33.411
Miami,NC,24,Guanyu Zhou,Alfa Romeo Ferrari,17,6,DNF,0,No,1:35.731
Spain,1,1,Max Verstappen,Red Bull Racing RBPT,2,66,1:37:20.475,25,No,1:25.456
Spain,2,11,Sergio Perez,Red Bull Racing RBPT,5,66,+13.072,19,Yes,1:24.108
Spain,3,63,George Russell,Mercedes,4,66,+32.927,15,No,1:24.636
Spain,4,55,Carlos Sainz,Ferrari,3,66,+45.208,12,No,1:25.985
Spain,5,44,Lewis Hamilton,Mercedes,6,66,+54.534,10,No,1:24.253
Spain,6,77,Valtteri Bottas,Alfa Romeo Ferrari,7,66,+59.976,8,No,1:26.395
Spain,7,31,Esteban Ocon,Alpine Renault,12,66,+75.397,6,No,1:25.935
Spain,8,4,Lando Norris,McLaren Mercedes,11,66,+83.235,4,No,1:25.619
Spain,9,14,Fernando Alonso,Alpine Renault,20,65,+1 lap,2,No,1:26.599
Spain,10,22,Yuki Tsunoda,AlphaTauri RBPT,13,65,+1 lap,1,No,1:26.828
Spain,11,5,Sebastian Vettel,Aston Martin Aramco Mercedes,16,65,+1 lap,0,No,1:27.629
Spain,12,3,Daniel Ricciardo,McLaren Mercedes,9,65,+1 lap,0,No,1:27.285
Spain,13,10,Pierre Gasly,AlphaTauri RBPT,14,65,+1 lap,0,No,1:26.987
Spain,14,47,Mick Schumacher,Haas Ferrari,10,65,+1 lap,0,No,1:27.447
Spain,15,18,Lance Stroll,Aston Martin Aramco Mercedes,17,65,+1 lap,0,No,1:26.876
Spain,16,6,Nicholas Latifi,Williams Mercedes,19,64,+2 laps,0,No,1:27.246
Spain,17,20,Kevin Magnussen,Haas Ferrari,8,64,+2 laps,0,No,1:27.537
Spain,18,23,Alexander Albon,Williams Mercedes,18,64,+2 laps,0,No,1:28.281
Spain,NC,24,Guanyu Zhou,Alfa Romeo Ferrari,15,28,DNF,0,No,1:28.415
Spain,NC,16,Charles Leclerc,Ferrari,1,27,DNF,0,No,1:27.030
Monaco,1,11,Sergio Perez,Red Bull Racing RBPT,3,64,1:56:30.265,25,No,1:16.028
Monaco,2,55,Carlos Sainz,Ferrari,2,64,+1.154,18,No,1:16.421
Monaco,3,1,Max Verstappen,Red Bull Racing RBPT,4,64,+1.491,15,No,1:16.052
Monaco,4,16,Charles Leclerc,Ferrari,1,64,+2.922,12,No,1:16.249
Monaco,5,63,George Russell,Mercedes,6,64,+11.968,10,No,1:16.830
Monaco,6,4,Lando Norris,McLaren Mercedes,5,64,+12.231,9,Yes,1:14.693
Monaco,7,14,Fernando Alonso,Alpine Renault,7,64,+46.358,6,No,1:15.882
Monaco,8,44,Lewis Hamilton,Mercedes,8,64,+50.388,4,No,1:17.203
Monaco,9,77,Valtteri Bottas,Alfa Romeo Ferrari,12,64,+52.525,2,No,1:17.600
Monaco,10,5,Sebastian Vettel,Aston Martin Aramco Mercedes,9,64,+53.536,1,No,1:17.558
Monaco,11,10,Pierre Gasly,AlphaTauri RBPT,17,64,+54.289,0,No,1:17.344
Monaco,12,31,Esteban Ocon,Alpine Renault,10,64,+55.644,0,No,1:17.571
Monaco,13,3,Daniel Ricciardo,McLaren Mercedes,14,64,+57.635,0,No,1:17.532
Monaco,14,18,Lance Stroll,Aston Martin Aramco Mercedes,18,64,+60.802,0,No,1:17.672
Monaco,15,6,Nicholas Latifi,Williams Mercedes,19,63,+1 lap,0,No,1:18.579
Monaco,16,24,Guanyu Zhou,Alfa Romeo Ferrari,20,63,+1 lap,0,No,1:18.200
Monaco,17,22,Yuki Tsunoda,AlphaTauri RBPT,11,63,+1 lap,0,No,1:15.334
Monaco,NC,23,Alexander Albon,Williams Mercedes,16,48,DNF,0,No,1:18.023
Monaco,NC,47,Mick Schumacher,Haas Ferrari,15,24,DNF,0,No,1:24.778
Monaco,NC,20,Kevin Magnussen,Haas Ferrari,13,19,DNF,0,No,1:33.754
Azerbaijan,1,1,Max Verstappen,Red Bull Racing RBPT,3,51,1:34:05.941,25,No,1:46.050
Azerbaijan,2,11,Sergio Perez,Red Bull Racing RBPT,2,51,+20.823,19,Yes,1:46.046
Azerbaijan,3,63,George Russell,Mercedes,5,51,+45.995,15,No,1:47.177
Azerbaijan,4,44,Lewis Hamilton,Mercedes,7,51,+71.679,12,No,1:47.044
Azerbaijan,5,10,Pierre Gasly,AlphaTauri RBPT,6,51,+77.299,10,No,1:48.519
Azerbaijan,6,5,Sebastian Vettel,Aston Martin Aramco Mercedes,9,51,+84.099,8,No,1:48.206
Azerbaijan,7,14,Fernando Alonso,Alpine Renault,10,51,+88.596,6,No,1:47.989
Azerbaijan,8,3,Daniel Ricciardo,McLaren Mercedes,12,51,+92.207,4,No,1:48.276
Azerbaijan,9,4,Lando Norris,McLaren Mercedes,11,51,+92.556,2,No,1:47.997
Azerbaijan,10,31,Esteban Ocon,Alpine Renault,13,51,+108.184,1,No,1:48.297
Azerbaijan,11,77,Valtteri Bottas,Alfa Romeo Ferrari,15,50,+1 lap,0,No,1:48.179
Azerbaijan,12,23,Alexander Albon,Williams Mercedes,17,50,+1 lap,0,No,1:47.966
Azerbaijan,13,22,Yuki Tsunoda,AlphaTauri RBPT,8,50,+1 lap,0,No,1:47.523
Azerbaijan,14,47,Mick Schumacher,Haas Ferrari,20,50,+1 lap,0,No,1:48.410
Azerbaijan,15,6,Nicholas Latifi,Williams Mercedes,18,50,+1 lap,0,No,1:49.583
Azerbaijan,16,18,Lance Stroll,Aston Martin Aramco Mercedes,19,46,DNF,0,No,1:48.038
Azerbaijan,NC,20,Kevin Magnussen,Haas Ferrari,16,31,DNF,0,No,1:48.789
Azerbaijan,NC,24,Guanyu Zhou,Alfa Romeo Ferrari,14,23,DNF,0,No,1:48.723
Azerbaijan,NC,16,Charles Leclerc,Ferrari,1,21,DNF,0,No,1:47.531
Azerbaijan,NC,55,Carlos Sainz,Ferrari,4,8,DNF,0,No,1:48.978
Canada,1,1,Max Verstappen,Red Bull Racing RBPT,1,70,1:36:21.757,25,No,1:15.839
Canada,2,55,Carlos Sainz,Ferrari,3,70,+0.993,19,Yes,1:15.749
Canada,3,44,Lewis Hamilton,Mercedes,4,70,+7.006,15,No,1:16.167
Canada,4,63,George Russell,Mercedes,8,70,+12.313,12,No,1:16.418
Canada,5,16,Charles Leclerc,Ferrari,19,70,+15.168,10,No,1:15.901
Canada,6,31,Esteban Ocon,Alpine Renault,7,70,+23.890,8,No,1:17.110
Canada,7,77,Valtteri Bottas,Alfa Romeo Ferrari,11,70,+25.247,6,No,1:16.927
Canada,8,24,Guanyu Zhou,Alfa Romeo Ferrari,10,70,+26.952,4,No,1:16.578
Canada,9,14,Fernando Alonso,Alpine Renault,2,70,+29.945,2,No,1:17.010
Canada,10,18,Lance Stroll,Aston Martin Aramco Mercedes,17,70,+38.222,1,No,1:17.421
Canada,11,3,Daniel Ricciardo,McLaren Mercedes,9,70,+43.047,0,No,1:17.932
Canada,12,5,Sebastian Vettel,Aston Martin Aramco Mercedes,16,70,+44.245,0,No,1:17.956
Canada,13,23,Alexander Albon,Williams Mercedes,12,70,+44.893,0,No,1:17.951
Canada,14,10,Pierre Gasly,AlphaTauri RBPT,15,70,+45.183,0,No,1:17.810
Canada,15,4,Lando Norris,McLaren Mercedes,14,70,+52.145,0,No,1:17.495
Canada,16,6,Nicholas Latifi,Williams Mercedes,18,70,+59.978,0,No,1:18.540
Canada,17,20,Kevin Magnussen,Haas Ferrari,5,70,+68.180,0,No,1:18.046
Canada,NC,22,Yuki Tsunoda,AlphaTauri RBPT,20,47,DNF,0,No,1:18.309
Canada,NC,47,Mick Schumacher,Haas Ferrari,6,18,DNF,0,No,1:18.967
Canada,NC,11,Sergio Perez,Red Bull Racing RBPT,13,7,DNF,0,No,1:18.844
Great Britain,1,55,Carlos Sainz,Ferrari,1,52,2:17:50.311,25,No,1:30.813
Great Britain,2,11,Sergio Perez,Red Bull Racing RBPT,4,52,+3.779,18,No,1:30.937
Great Britain,3,44,Lewis Hamilton,Mercedes,5,52,+6.225,16,Yes,1:30.510
Great Britain,4,16,Charles Leclerc,Ferrari,3,52,+8.546,12,No,1:31.282
Great Britain,5,14,Fernando Alonso,Alpine Renault,7,52,+9.571,10,No,1:31.609
Great Britain,6,4,Lando Norris,McLaren Mercedes,6,52,+11.943,8,No,1:31.645
Great Britain,7,1,Max Verstappen,Red Bull Racing RBPT,2,52,+18.777,6,No,1:32.354
Great Britain,8,47,Mick Schumacher,Haas Ferrari,19,52,+18.995,4,No,1:32.109
Great Britain,9,5,Sebastian Vettel,Aston Martin Aramco Mercedes,18,52,+22.356,2,No,1:32.471
Great Britain,10,20,Kevin Magnussen,Haas Ferrari,17,52,+24.590,1,No,1:32.661
Great Britain,11,18,Lance Stroll,Aston Martin Aramco Mercedes,20,52,+26.147,0,No,1:32.379
Great Britain,12,6,Nicholas Latifi,Williams Mercedes,10,52,+32.511,0,No,1:33.286
Great Britain,13,3,Daniel Ricciardo,McLaren Mercedes,14,52,+32.817,0,No,1:32.644
Great Britain,14,22,Yuki Tsunoda,AlphaTauri RBPT,13,52,+40.910,0,No,1:33.832
Great Britain,NC,31,Esteban Ocon,Alpine Renault,15,37,DNF,0,No,1:33.537
Great Britain,NC,10,Pierre Gasly,AlphaTauri RBPT,11,26,DNF,0,No,1:34.614
Great Britain,NC,77,Valtteri Bottas,Alfa Romeo Ferrari,12,20,DNF,0,No,1:35.103
Great Britain,NC,63,George Russell,Mercedes,8,0,DNF,0,No,
Great Britain,NC,24,Guanyu Zhou,Alfa Romeo Ferrari,9,0,DNF,0,No,
Great Britain,NC,23,Alexander Albon,Williams Mercedes,16,0,DNF,0,No,
Austria,1,16,Charles Leclerc,Ferrari,2,71,1:24:24.312,25,No,1:07.583
Austria,2,1,Max Verstappen,Red Bull Racing RBPT,1,71,+1.532,19,Yes,1:07.275
Austria,3,44,Lewis Hamilton,Mercedes,8,71,+41.217,15,No,1:09.000
Austria,4,63,George Russell,Mercedes,4,71,+58.972,12,No,1:09.075
Austria,5,31,Esteban Ocon,Alpine Renault,6,71,+68.436,10,No,1:09.559
Austria,6,47,Mick Schumacher,Haas Ferrari,9,70,+1 lap,8,No,1:09.625
Austria,7,4,Lando Norris,McLaren Mercedes,10,70,+1 lap,6,No,1:09.304
Austria,8,20,Kevin Magnussen,Haas Ferrari,7,70,+1 lap,4,No,1:09.938
Austria,9,3,Daniel Ricciardo,McLaren Mercedes,11,70,+1 lap,2,No,1:09.924
Austria,10,14,Fernando Alonso,Alpine Renault,19,70,+1 lap,1,No,1:08.558
Austria,11,77,Valtteri Bottas,Alfa Romeo Ferrari,20,70,+1 lap,0,No,1:09.266
Austria,12,23,Alexander Albon,Williams Mercedes,15,70,+1 lap,0,No,1:09.669
Austria,13,18,Lance Stroll,Aston Martin Aramco Mercedes,12,70,+1 lap,0,No,1:10.048
Austria,14,24,Guanyu Zhou,Alfa Romeo Ferrari,13,70,+1 lap,0,No,1:09.380
Austria,15,10,Pierre Gasly,AlphaTauri RBPT,14,70,+1 lap,0,No,1:10.104
Austria,16,22,Yuki Tsunoda,AlphaTauri RBPT,16,70,+1 lap,0,No,1:10.023
Austria,17,5,Sebastian Vettel,Aston Martin Aramco Mercedes,18,70,+1 lap,0,No,1:10.001
Austria,NC,55,Carlos Sainz,Ferrari,3,56,DNF,0,No,1:08.649
Austria,NC,6,Nicholas Latifi,Williams Mercedes,17,48,DNF,0,No,1:10.890
Austria,NC,11,Sergio Perez,Red Bull Racing RBPT,5,24,DNF,0,No,1:11.843
France,1,1,Max Verstappen,Red Bull Racing RBPT,2,53,1:30:02.112,25,No,1:37.491
France,2,44,Lewis Hamilton,Mercedes,4,53,+10.587,18,No,1:37.668
France,3,63,George Russell,Mercedes,6,53,+16.495,15,No,1:37.548
France,4,11,Sergio Perez,Red Bull Racing RBPT,3,53,+17.310,12,No,1:37.780
France,5,55,Carlos Sainz,Ferrari,19,53,+28.872,11,Yes,1:35.781
France,6,14,Fernando Alonso,Alpine Renault,7,53,+42.879,8,No,1:38.160
France,7,4,Lando Norris,McLaren Mercedes,5,53,+52.026,6,No,1:39.037
France,8,31,Esteban Ocon,Alpine Renault,10,53,+56.959,4,No,1:38.684
France,9,3,Daniel Ricciardo,McLaren Mercedes,9,53,+60.372,2,No,1:39.133
France,10,18,Lance Stroll,Aston Martin Aramco Mercedes,15,53,+62.549,1,No,1:39.185
France,11,5,Sebastian Vettel,Aston Martin Aramco Mercedes,12,53,+65.448,0,No,1:39.044
France,12,10,Pierre Gasly,AlphaTauri RBPT,14,53,+65.448,0,No,1:38.786
France,13,23,Alexander Albon,Williams Mercedes,13,53,+68.565,0,No,1:39.199
France,14,77,Valtteri Bottas,Alfa Romeo Ferrari,11,53,+76.666,0,No,1:37.963
France,15,47,Mick Schumacher,Haas Ferrari,17,53,+80.394,0,No,1:39.068
France,16,24,Guanyu Zhou,Alfa Romeo Ferrari,16,47,+6 laps,0,No,1:39.368
France,NC,6,Nicholas Latifi,Williams Mercedes,18,40,DNF,0,No,1:39.650
France,NC,20,Kevin Magnussen,Haas Ferrari,20,37,DNF,0,No,1:39.265
France,NC,16,Charles Leclerc,Ferrari,1,17,DNF,0,No,1:38.088
France,NC,22,Yuki Tsunoda,AlphaTauri RBPT,8,17,DNF,0,No,1:40.216
Hungary,1,1,Max Verstappen,Red Bull Racing RBPT,10,70,1:39:25.912,25,No,1:22.126
Hungary,2,44,Lewis Hamilton,Mercedes,7,70,+7.834,19,Yes,1:21.386
Hungary,3,63,George Russell,Mercedes,1,70,+12.337,15,No,1:22.766
Hungary,4,55,Carlos Sainz,Ferrari,2,70,+14.579,12,No,1:22.000
Hungary,5,11,Sergio Perez,Red Bull Racing RBPT,11,70,+15.688,10,No,1:21.940
Hungary,6,16,Charles Leclerc,Ferrari,3,70,+16.047,8,No,1:21.622
Hungary,7,4,Lando Norris,McLaren Mercedes,4,70,+78.300,6,No,1:23.043
Hungary,8,14,Fernando Alonso,Alpine Renault,6,69,+1 lap,4,No,1:23.979
Hungary,9,31,Esteban Ocon,Alpine Renault,5,69,+1 lap,2,No,1:24.149
Hungary,10,5,Sebastian Vettel,Aston Martin Aramco Mercedes,18,69,+1 lap,1,No,1:22.824
Hungary,11,18,Lance Stroll,Aston Martin Aramco Mercedes,14,69,+1 lap,0,No,1:22.437
Hungary,12,10,Pierre Gasly,AlphaTauri RBPT,20,69,+1 lap,0,No,1:23.199
Hungary,13,24,Guanyu Zhou,Alfa Romeo Ferrari,12,69,+1 lap,0,No,1:22.029
Hungary,14,47,Mick Schumacher,Haas Ferrari,15,69,+1 lap,0,No,1:23.151
Hungary,15,3,Daniel Ricciardo,McLaren Mercedes,9,69,+1 lap,0,No,1:23.654
Hungary,16,20,Kevin Magnussen,Haas Ferrari,13,69,+1 lap,0,No,1:23.511
Hungary,17,23,Alexander Albon,Williams Mercedes,17,69,+1 lap,0,No,1:23.047
Hungary,18,6,Nicholas Latifi,Williams Mercedes,19,69,+1 lap,0,No,1:22.478
Hungary,19,22,Yuki Tsunoda,AlphaTauri RBPT,16,68,+2 laps,0,No,1:23.538
Hungary,20,77,Valtteri Bottas,Alfa Romeo Ferrari,8,65,DNF,0,No,1:24.002
Belgium,1,1,Max Verstappen,Red Bull Racing RBPT,14,44,1:25:52.894,26,Yes,1:49.354
Belgium,2,11,Sergio Perez,Red Bull Racing RBPT,2,44,+17.841,18,No,1:50.764
Belgium,3,55,Carlos Sainz,Ferrari,1,44,+26.886,15,No,1:51.977
Belgium,4,63,George Russell,Mercedes,5,44,+29.140,12,No,1:50.793
Belgium,5,14,Fernando Alonso,Alpine Renault,3,44,+73.256,10,No,1:52.868
Belgium,6,16,Charles Leclerc,Ferrari,15,44,+74.936,8,No,1:49.984
Belgium,7,31,Esteban Ocon,Alpine Renault,16,44,+75.640,6,No,1:51.717
Belgium,8,5,Sebastian Vettel,Aston Martin Aramco Mercedes,10,44,+78.107,4,No,1:52.515
Belgium,9,10,Pierre Gasly,AlphaTauri RBPT,8,44,+92.181,2,No,1:53.002
Belgium,10,23,Alexander Albon,Williams Mercedes,6,44,+101.900,1,No,1:53.055
Belgium,11,18,Lance Stroll,Aston Martin Aramco Mercedes,9,44,+103.078,0,No,1:52.880
Belgium,12,4,Lando Norris,McLaren Mercedes,17,44,+104.739,0,No,1:51.678
Belgium,13,22,Yuki Tsunoda,AlphaTauri RBPT,20,44,+105.217,0,No,1:52.436
Belgium,14,24,Guanyu Zhou,Alfa Romeo Ferrari,18,44,+106.252,0,No,1:52.317
Belgium,15,3,Daniel Ricciardo,McLaren Mercedes,7,44,+107.163,0,No,1:53.080
Belgium,16,20,Kevin Magnussen,Haas Ferrari,12,43,+1 lap,0,No,1:53.332
Belgium,17,47,Mick Schumacher,Haas Ferrari,19,43,+1 lap,0,No,1:52.646
Belgium,18,6,Nicholas Latifi,Williams Mercedes,11,43,+1 lap,0,No,1:52.256
Belgium,NC,77,Valtteri Bottas,Alfa Romeo Ferrari,13,1,DNF,0,No,
Belgium,NC,44,Lewis Hamilton,Mercedes,4,0,DNF,0,No,
Netherlands,1,1,Max Verstappen,Red Bull Racing RBPT,1,72,1:36:42.773,26,Yes,1:13.652
Netherlands,2,63,George Russell,Mercedes,6,72,+4.071,18,No,1:13.671
Netherlands,3,16,Charles Leclerc,Ferrari,2,72,+10.929,15,No,1:14.413
Netherlands,4,44,Lewis Hamilton,Mercedes,4,72,+13.016,12,No,1:13.854
Netherlands,5,11,Sergio Perez,Red Bull Racing RBPT,5,72,+18.168,10,No,1:14.404
Netherlands,6,14,Fernando Alonso,Alpine Renault,13,72,+18.754,8,No,1:14.144
Netherlands,7,4,Lando Norris,McLaren Mercedes,7,72,+19.306,6,No,1:14.706
Netherlands,8,55,Carlos Sainz,Ferrari,3,72,+20.916,4,No,1:14.643
Netherlands,9,31,Esteban Ocon,Alpine Renault,12,72,+21.117,2,No,1:15.084
Netherlands,10,18,Lance Stroll,Aston Martin Aramco Mercedes,10,72,+22.459,1,No,1:15.043
Netherlands,11,10,Pierre Gasly,AlphaTauri RBPT,11,72,+27.009,0,No,1:15.165
Netherlands,12,23,Alexander Albon,Williams Mercedes,15,72,+30.390,0,No,1:15.534
Netherlands,13,47,Mick Schumacher,Haas Ferrari,8,72,+32.995,0,No,1:15.233
Netherlands,14,5,Sebastian Vettel,Aston Martin Aramco Mercedes,19,72,+36.007,0,No,1:14.862
Netherlands,15,20,Kevin Magnussen,Haas Ferrari,18,72,+36.869,0,No,1:15.369
Netherlands,16,24,Guanyu Zhou,Alfa Romeo Ferrari,14,72,+37.320,0,No,1:15.940
Netherlands,17,3,Daniel Ricciardo,McLaren Mercedes,17,72,+37.764,0,No,1:15.577
Netherlands,18,6,Nicholas Latifi,Williams Mercedes,20,71,+1 lap,0,No,1:16.066
Netherlands,NC,77,Valtteri Bottas,Alfa Romeo Ferrari,16,53,DNF,0,No,1:16.844
Netherlands,NC,22,Yuki Tsunoda,AlphaTauri RBPT,9,43,DNF,0,No,1:17.138
Italy,1,1,Max Verstappen,Red Bull Racing RBPT,7,53,1:20:27.511,25,No,1:24.745
Italy,2,16,Charles Leclerc,Ferrari,1,53,+2.446,18,No,1:24.336
Italy,3,63,George Russell,Mercedes,2,53,+3.405,15,No,1:25.288
Italy,4,55,Carlos Sainz,Ferrari,18,53,+5.061,12,No,1:24.446
Italy,5,44,Lewis Hamilton,Mercedes,19,53,+5.380,10,No,1:24.434
Italy,6,11,Sergio Perez,Red Bull Racing RBPT,13,53,+6.091,9,Yes,1:24.030
Italy,7,4,Lando Norris,McLaren Mercedes,3,53,+6.207,6,No,1:24.718
Italy,8,10,Pierre Gasly,AlphaTauri RBPT,5,53,+6.396,4,No,1:26.718
Italy,9,45,Nyck De Vries,Williams Mercedes,8,53,+7.122,2,No,1:26.624
Italy,10,24,Guanyu Zhou,Alfa Romeo Ferrari,9,53,+7.910,1,No,1:26.361
Italy,11,31,Esteban Ocon,Alpine Renault,14,53,+8.323,0,No,1:26.593
Italy,12,47,Mick Schumacher,Haas Ferrari,17,53,+8.549,0,No,1:25.298
Italy,13,77,Valtteri Bottas,Alfa Romeo Ferrari,15,52,+1 lap,0,No,1:25.706
Italy,14,22,Yuki Tsunoda,AlphaTauri RBPT,20,52,+1 lap,0,No,1:26.857
Italy,15,6,Nicholas Latifi,Williams Mercedes,10,52,+1 lap,0,No,1:26.798
Italy,16,20,Kevin Magnussen,Haas Ferrari,16,52,+1 lap,0,No,1:26.798
Italy,NC,3,Daniel Ricciardo,McLaren Mercedes,4,45,DNF,0,No,1:26.603
Italy,NC,18,Lance Stroll,Aston Martin Aramco Mercedes,12,39,DNF,0,No,1:27.467
Italy,NC,14,Fernando Alonso,Alpine Renault,6,31,DNF,0,No,1:27.203
Italy,NC,5,Sebastian Vettel,Aston Martin Aramco Mercedes,11,10,DNF,0,No,1:27.501
Singapore,1,11,Sergio Perez,Red Bull Racing RBPT,2,59,2:02:20.238,25,No,1:48.165
Singapore,2,16,Charles Leclerc,Ferrari,1,59,+2.595,18,No,1:48.753
Singapore,3,55,Carlos Sainz,Ferrari,4,59,+10.305,15,No,1:48.414
Singapore,4,4,Lando Norris,McLaren Mercedes,6,59,+21.133,12,No,1:49.212
Singapore,5,3,Daniel Ricciardo,McLaren Mercedes,16,59,+53.282,10,No,1:51.006
Singapore,6,18,Lance Stroll,Aston Martin Aramco Mercedes,11,59,+56.330,8,No,1:50.283
Singapore,7,1,Max Verstappen,Red Bull Racing RBPT,8,59,+58.825,6,No,1:49.142
Singapore,8,5,Sebastian Vettel,Aston Martin Aramco Mercedes,13,59,+60.032,4,No,1:50.669
Singapore,9,44,Lewis Hamilton,Mercedes,3,59,+61.515,2,No,1:50.622
Singapore,10,10,Pierre Gasly,AlphaTauri RBPT,7,59,+69.576,1,No,1:50.569
Singapore,11,77,Valtteri Bottas,Alfa Romeo Ferrari,15,59,+88.844,0,No,1:51.864
Singapore,12,20,Kevin Magnussen,Haas Ferrari,9,59,+92.610,0,No,1:52.067
Singapore,13,47,Mick Schumacher,Haas Ferrari,12,58,+1 lap,0,No,1:50.290
Singapore,14,63,George Russell,Mercedes,20,57,+2 laps,0,No,1:46.458
Singapore,NC,22,Yuki Tsunoda,AlphaTauri RBPT,10,34,DNF,0,No,1:58.716
Singapore,NC,31,Esteban Ocon,Alpine Renault,17,26,DNF,0,No,2:01.105
Singapore,NC,23,Alexander Albon,Williams Mercedes,18,25,DNF,0,No,2:02.121
Singapore,NC,14,Fernando Alonso,Alpine Renault,5,20,DNF,0,No,2:00.463
Singapore,NC,6,Nicholas Latifi,Williams Mercedes,19,7,DNF,0,No,2:05.585
Singapore,NC,24,Guanyu Zhou,Alfa Romeo Ferrari,14,6,DNF,0,No,2:05.556
Japan,1,1,Max Verstappen,Red Bull Racing RBPT,1,28,3:01:44.004,25,No,1:44.911
Japan,2,11,Sergio Perez,Red Bull Racing RBPT,4,28,+27.066,18,No,1:46.120
Japan,3,16,Charles Leclerc,Ferrari,2,28,+31.763,15,No,1:44.489
Japan,4,31,Esteban Ocon,Alpine Renault,5,28,+39.685,12,No,1:46.559
Japan,5,44,Lewis Hamilton,Mercedes,6,28,+40.326,10,No,1:45.530
Japan,6,5,Sebastian Vettel,Aston Martin Aramco Mercedes,9,28,+46.358,8,No,1:46.964
Japan,7,14,Fernando Alonso,Alpine Renault,7,28,+46.369,6,No,1:44.412
Japan,8,63,George Russell,Mercedes,8,28,+47.661,4,No,1:47.004
Japan,9,6,Nicholas Latifi,Williams Mercedes,19,28,+70.143,2,No,1:48.371
Japan,10,4,Lando Norris,McLaren Mercedes,10,28,+70.782,1,No,1:48.175
Japan,11,3,Daniel Ricciardo,McLaren Mercedes,11,28,+72.877,0,No,1:47.843
Japan,12,18,Lance Stroll,Aston Martin Aramco Mercedes,18,28,+73.904,0,No,1:45.205
Japan,13,22,Yuki Tsunoda,AlphaTauri RBPT,13,28,+75.599,0,No,1:45.893
Japan,14,20,Kevin Magnussen,Haas Ferrari,17,28,+86.016,0,No,1:48.072
Japan,15,77,Valtteri Bottas,Alfa Romeo Ferrari,12,28,+86.496,0,No,1:47.820
Japan,16,24,Guanyu Zhou,Alfa Romeo Ferrari,14,28,+87.043,0,No,1:44.411
Japan,17,47,Mick Schumacher,Haas Ferrari,15,28,+92.523,0,No,1:46.545
Japan,18,10,Pierre Gasly,AlphaTauri RBPT,20,28,+108.091,0,No,1:45.387
Japan,NC,55,Carlos Sainz,Ferrari,3,0,DNF,0,No,
Japan,NC,23,Alexander Albon,Williams Mercedes,16,0,DNF,0,No,
United States,1,1,Max Verstappen,Red Bull Racing RBPT,2,56,1:42:11.687,25,No,1:39.541
United States,2,44,Lewis Hamilton,Mercedes,3,56,+5.023,18,No,1:39.830
United States,3,16,Charles Leclerc,Ferrari,12,56,+7.501,15,No,1:39.731
United States,4,11,Sergio Perez,Red Bull Racing RBPT,9,56,+8.293,12,No,1:39.563
United States,5,63,George Russell,Mercedes,4,56,+44.815,11,Yes,1:38.788
United States,6,4,Lando Norris,McLaren Mercedes,6,56,+53.785,8,No,1:41.322
United States,7,14,Fernando Alonso,Alpine Renault,14,56,+55.078,6,No,1:41.804
United States,8,5,Sebastian Vettel,Aston Martin Aramco Mercedes,10,56,+65.354,4,No,1:41.538
United States,9,20,Kevin Magnussen,Haas Ferrari,13,56,+65.834,2,No,1:42.546
United States,10,22,Yuki Tsunoda,AlphaTauri RBPT,19,56,+70.919,1,No,1:42.206
United States,11,31,Esteban Ocon,Alpine Renault,20,56,+72.875,0,No,1:41.243
United States,12,24,Guanyu Zhou,Alfa Romeo Ferrari,18,56,+76.164,0,No,1:42.394
United States,13,23,Alexander Albon,Williams Mercedes,8,56,+80.057,0,No,1:42.471
United States,14,10,Pierre Gasly,AlphaTauri RBPT,11,56,+81.763,0,No,1:41.674
United States,15,47,Mick Schumacher,Haas Ferrari,16,56,+84.490,0,No,1:42.320
United States,16,3,Daniel Ricciardo,McLaren Mercedes,15,56,+90.487,0,No,1:42.420
United States,17,6,Nicholas Latifi,Williams Mercedes,17,56,+103.588,0,No,1:43.485
United States,NC,18,Lance Stroll,Aston Martin Aramco Mercedes,5,21,DNF,0,No,1:43.080
United States,NC,77,Valtteri Bottas,Alfa Romeo Ferrari,7,16,DNF,0,No,1:43.391
United States,NC,55,Carlos Sainz,Ferrari,1,1,DNF,0,No,
Mexico,1,1,Max Verstappen,Red Bull Racing RBPT,1,71,1:38:36.729,25,No,1:22.046
Mexico,2,44,Lewis Hamilton,Mercedes,3,71,+15.186,18,No,1:22.062
Mexico,3,11,Sergio Perez,Red Bull Racing RBPT,4,71,+18.097,15,No,1:21.775
Mexico,4,63,George Russell,Mercedes,2,71,+49.431,13,Yes,1:20.153
Mexico,5,55,Carlos Sainz,Ferrari,5,71,+58.123,10,No,1:22.199
Mexico,6,16,Charles Leclerc,Ferrari,7,71,+68.774,8,No,1:22.603
Mexico,7,3,Daniel Ricciardo,McLaren Mercedes,11,70,+1 lap,6,No,1:22.022
Mexico,8,31,Esteban Ocon,Alpine Renault,10,70,+1 lap,4,No,1:23.279
Mexico,9,4,Lando Norris,McLaren Mercedes,8,70,+1 lap,2,No,1:23.402
Mexico,10,77,Valtteri Bottas,Alfa Romeo Ferrari,6,70,+1 lap,1,No,1:23.363
Mexico,11,10,Pierre Gasly,AlphaTauri RBPT,14,70,+1 lap,0,No,1:22.277
Mexico,12,23,Alexander Albon,Williams Mercedes,17,70,+1 lap,0,No,1:22.914
Mexico,13,24,Guanyu Zhou,Alfa Romeo Ferrari,12,70,+1 lap,0,No,1:22.260
Mexico,14,5,Sebastian Vettel,Aston Martin Aramco Mercedes,16,70,+1 lap,0,No,1:23.086
Mexico,15,18,Lance Stroll,Aston Martin Aramco Mercedes,20,70,+1 lap,0,No,1:22.463
Mexico,16,47,Mick Schumacher,Haas Ferrari,15,70,+1 lap,0,No,1:23.641
Mexico,17,20,Kevin Magnussen,Haas Ferrari,19,70,+1 lap,0,No,1:23.300
Mexico,18,6,Nicholas Latifi,Williams Mercedes,18,69,+2 laps,0,No,1:23.709
Mexico,19,14,Fernando Alonso,Alpine Renault,9,63,DNF,0,No,1:22.866
Mexico,NC,22,Yuki Tsunoda,AlphaTauri RBPT,13,50,DNF,0,No,1:23.403
Brazil,1,63,George Russell,Mercedes,1,71,1:38:34.044,26,Yes,1:13.785
Brazil,2,44,Lewis Hamilton,Mercedes,2,71,+1.529,18,No,1:13.942
Brazil,3,55,Carlos Sainz,Ferrari,7,71,+4.051,15,No,1:13.953
Brazil,4,16,Charles Leclerc,Ferrari,5,71,+8.441,12,No,1:14.253
Brazil,5,14,Fernando Alonso,Alpine Renault,17,71,+9.561,10,No,1:14.164
Brazil,6,1,Max Verstappen,Red Bull Racing RBPT,3,71,+10.056,8,No,1:14.195
Brazil,7,11,Sergio Perez,Red Bull Racing RBPT,4,71,+14.080,6,No,1:14.283
Brazil,8,31,Esteban Ocon,Alpine Renault,16,71,+18.690,4,No,1:15.093
Brazil,9,77,Valtteri Bottas,Alfa Romeo Ferrari,14,71,+22.552,2,No,1:15.511
Brazil,10,18,Lance Stroll,Aston Martin Aramco Mercedes,15,71,+23.552,1,No,1:14.831
Brazil,11,5,Sebastian Vettel,Aston Martin Aramco Mercedes,9,71,+26.183,0,No,1:15.549
Brazil,12,24,Guanyu Zhou,Alfa Romeo Ferrari,13,71,+29.325,0,No,1:15.802
Brazil,13,47,Mick Schumacher,Haas Ferrari,12,71,+29.899,0,No,1:15.251
Brazil,14,10,Pierre Gasly,AlphaTauri RBPT,10,71,+31.867,0,No,1:15.327
Brazil,15,23,Alexander Albon,Williams Mercedes,19,71,+36.016,0,No,1:15.613
Brazil,16,6,Nicholas Latifi,Williams Mercedes,18,71,+37.038,0,No,1:15.327
Brazil,17,22,Yuki Tsunoda,AlphaTauri RBPT,20,71,+1 lap,0,No,1:15.508
Brazil,NC,4,Lando Norris,McLaren Mercedes,6,50,DNF,0,No,1:15.855
Brazil,NC,20,Kevin Magnussen,Haas Ferrari,8,0,DNF,0,No,
Brazil,NC,3,Daniel Ricciardo,McLaren Mercedes,11,0,DNF,0,No,
Abu Dhabi,1,1,Max Verstappen,Red Bull Racing RBPT,1,58,1:27:45.914,25,No,1:29.392
Abu Dhabi,2,16,Charles Leclerc,Ferrari,3,58,+8.771,18,No,1:29.719
Abu Dhabi,3,11,Sergio Perez,Red Bull Racing RBPT,2,58,+10.093,15,No,1:28.972
Abu Dhabi,4,55,Carlos Sainz,Ferrari,4,58,+24.892,12,No,1:28.879
Abu Dhabi,5,63,George Russell,Mercedes,6,58,+35.888,10,No,1:28.836
Abu Dhabi,6,4,Lando Norris,McLaren Mercedes,7,58,+56.234,9,Yes,1:28.391
Abu Dhabi,7,31,Esteban Ocon,Alpine Renault,8,58,+57.240,6,No,1:29.333
Abu Dhabi,8,18,Lance Stroll,Aston Martin Aramco Mercedes,14,58,+76.931,4,No,1:29.620
Abu Dhabi,9,3,Daniel Ricciardo,McLaren Mercedes,13,58,+83.268,2,No,1:30.785
Abu Dhabi,10,5,Sebastian Vettel,Aston Martin Aramco Mercedes,9,58,+83.898,1,No,1:30.312
Abu Dhabi,11,22,Yuki Tsunoda,AlphaTauri RBPT,11,58,+89.371,0,No,1:29.489
Abu Dhabi,12,24,Guanyu Zhou,Alfa Romeo Ferrari,15,57,+1 lap,0,No,1:29.600
Abu Dhabi,13,23,Alexander Albon,Williams Mercedes,19,57,+1 lap,0,No,1:29.939
Abu Dhabi,14,10,Pierre Gasly,AlphaTauri RBPT,17,57,+1 lap,0,No,1:31.081
Abu Dhabi,15,77,Valtteri Bottas,Alfa Romeo Ferrari,18,57,+1 lap,0,No,1:30.352
Abu Dhabi,16,47,Mick Schumacher,Haas Ferrari,12,57,+1 lap,0,No,1:29.833
Abu Dhabi,17,20,Kevin Magnussen,Haas Ferrari,16,57,+1 lap,0,No,1:31.158
Abu Dhabi,18,44,Lewis Hamilton,Mercedes,5,55,DNF,0,No,1:29.788
Abu Dhabi,19,6,Nicholas Latifi,Williams Mercedes,20,55,DNF,0,No,1:30.309
Abu Dhabi,NC,14,Fernando Alonso,Alpine Renault,10,27,DNF,0,No,1:30.579
Bahrain,1,1,Max Verstappen,Red Bull Racing Honda RBPT,1,57,1:33:56.736,25,No,1:36.236
Bahrain,2,11,Sergio Perez,Red Bull Racing Honda RBPT,2,57,+11.987,18,No,1:36.344
Bahrain,3,14,Fernando Alonso,Aston Martin Aramco Mercedes,5,57,+38.637,15,No,1:36.156
Bahrain,4,55,Carlos Sainz,Ferrari,4,57,+48.052,12,No,1:37.130
Bahrain,5,44,Lewis Hamilton,Mercedes,7,57,+50.977,10,No,1:36.546
Bahrain,6,18,Lance Stroll,Aston Martin Aramco Mercedes,8,57,+54.502,8,No,1:36.546
Bahrain,7,63,George Russell,Mercedes,6,57,+55.873,6,No,1:37.221
Bahrain,8,77,Valtteri Bottas,Alfa Romeo Ferrari,12,57,+72.647,4,No,1:37.379
Bahrain,9,10,Pierre Gasly,Alpine Renault,20,57,+73.753,2,No,1:35.068
Bahrain,10,23,Alexander Albon,Williams Mercedes,15,57,+89.774,1,No,1:37.144
Bahrain,11,22,Yuki Tsunoda,AlphaTauri Honda RBPT,14,57,+90.870,0,No,1:36.637
Bahrain,12,2,Logan Sargeant,Williams Mercedes,16,56,+1 lap,0,No,1:36.037
Bahrain,13,20,Kevin Magnussen,Haas Ferrari,17,56,+1 lap,0,No,1:36.471
Bahrain,14,21,Nyck De Vries,AlphaTauri Honda RBPT,19,56,+1 lap,0,No,1:37.709
Bahrain,15,27,Nico Hulkenberg,Haas Ferrari,10,56,+1 lap,0,No,1:36.616
Bahrain,16,24,Guanyu Zhou,Alfa Romeo Ferrari,13,56,+1 lap,0,Yes,1:33.996
Bahrain,17,4,Lando Norris,McLaren Mercedes,11,55,+2 laps,0,No,1:35.822
Bahrain,NC,31,Esteban Ocon,Alpine Renault,9,41,DNF,0,No,1:36.797
Bahrain,NC,16,Charles Leclerc,Ferrari,3,39,DNF,0,No,1:37.170
Bahrain,NC,81,Oscar Piastri,McLaren Mercedes,18,13,DNF,0,No,1:40.691
Saudi Arabia,1,11,Sergio Perez,Red Bull Racing Honda RBPT,1,50,1:21:14.894,25,No,1:32.188
Saudi Arabia,2,1,Max Verstappen,Red Bull Racing Honda RBPT,15,50,+5.335,19,Yes,1:31.906
Saudi Arabia,3,14,Fernando Alonso,Aston Martin Aramco Mercedes,2,50,+20.728,15,No,1:32.240
Saudi Arabia,4,63,George Russell,Mercedes,3,50,+25.866,12,No,1:32.433
Saudi Arabia,5,44,Lewis Hamilton,Mercedes,7,50,+31.065,10,No,1:32.941
Saudi Arabia,6,55,Carlos Sainz,Ferrari,4,50,+35.876,8,No,1:32.822
Saudi Arabia,7,16,Charles Leclerc,Ferrari,12,50,+43.162,6,No,1:33.056
Saudi Arabia,8,31,Esteban Ocon,Alpine Renault,6,50,+52.832,4,No,1:33.222
Saudi Arabia,9,10,Pierre Gasly,Alpine Renault,9,50,+54.747,2,No,1:33.392
Saudi Arabia,10,20,Kevin Magnussen,Haas Ferrari,13,50,+64.826,1,No,1:33.374
Saudi Arabia,11,22,Yuki Tsunoda,AlphaTauri Honda RBPT,16,50,+67.494,0,No,1:33.931
Saudi Arabia,12,27,Nico Hulkenberg,Haas Ferrari,10,50,+70.588,0,No,1:33.780
Saudi Arabia,13,24,Guanyu Zhou,Alfa Romeo Ferrari,11,50,+76.060,0,No,1:33.894
Saudi Arabia,14,21,Nyck De Vries,AlphaTauri Honda RBPT,18,50,+77.478,0,No,1:33.609
Saudi Arabia,15,81,Oscar Piastri,McLaren Mercedes,8,50,+85.021,0,No,1:34.287
Saudi Arabia,16,2,Logan Sargeant,Williams Mercedes,20,50,+86.293,0,No,1:34.469
Saudi Arabia,17,4,Lando Norris,McLaren Mercedes,19,50,+86.445,0,No,1:34.122
Saudi Arabia,18,77,Valtteri Bottas,Alfa Romeo Ferrari,14,49,+1 lap,0,No,1:34.384
Saudi Arabia,NC,23,Alexander Albon,Williams Mercedes,17,27,DNF,0,No,1:35.567
Saudi Arabia,NC,18,Lance Stroll,Aston Martin Aramco Mercedes,5,16,DNF,0,No,1:35.140
Australia,1,1,Max Verstappen,Red Bull Racing Honda RBPT,1,58,2:32:28.371,25,No,1:20.342
Australia,2,44,Lewis Hamilton,Mercedes,3,58,+0.179,18,No,1:20.613
Australia,3,14,Fernando Alonso,Aston Martin Aramco Mercedes,4,58,+0.769,15,No,1:20.476
Australia,4,18,Lance Stroll,Aston Martin Aramco Mercedes,6,58,+3.082,12,No,1:20.934
Australia,5,11,Sergio Perez,Red Bull Racing Honda RBPT,20,58,+3.320,11,Yes,1:20.235
Australia,6,4,Lando Norris,McLaren Mercedes,13,58,+3.701,8,No,1:21.173
Australia,7,27,Nico Hulkenberg,Haas Ferrari,10,58,+4.939,6,No,1:21.124
Australia,8,81,Oscar Piastri,McLaren Mercedes,16,58,+5.382,4,No,1:21.335
Australia,9,24,Guanyu Zhou,Alfa Romeo Ferrari,17,58,+5.713,2,No,1:21.819
Australia,10,22,Yuki Tsunoda,AlphaTauri Honda RBPT,12,58,+6.052,1,No,1:21.789
Australia,11,77,Valtteri Bottas,Alfa Romeo Ferrari,19,58,+6.513,0,No,1:22.233
Australia,12,55,Carlos Sainz,Ferrari,5,58,+6.594,0,No,1:20.467
Australia,13,10,Pierre Gasly,Alpine Renault,9,56,DNF,0,No,1:20.995
Australia,14,31,Esteban Ocon,Alpine Renault,11,56,DNF,0,No,1:21.203
Australia,15,21,Nyck De Vries,AlphaTauri Honda RBPT,15,56,DNF,0,No,1:21.183
Australia,16,2,Logan Sargeant,Williams Mercedes,18,56,DNF,0,No,1:21.456
Australia,17,20,Kevin Magnussen,Haas Ferrari,14,52,DNF,0,No,1:21.685
Australia,NC,63,George Russell,Mercedes,2,17,DNF,0,No,1:22.680
Australia,NC,23,Alexander Albon,Williams Mercedes,8,6,DNF,0,No,1:23.349
Australia,NC,16,Charles Leclerc,Ferrari,7,0,DNF,0,No,
Azerbaijan,1,11,Sergio Perez,Red Bull Racing Honda RBPT,3,51,1:32:42.436,25,No,1:44.589
Azerbaijan,2,1,Max Verstappen,Red Bull Racing Honda RBPT,2,51,+2.137,18,No,1:44.232
Azerbaijan,3,16,Charles Leclerc,Ferrari,1,51,+21.217,15,No,1:44.561
Azerbaijan,4,14,Fernando Alonso,Aston Martin Aramco Mercedes,6,51,+22.024,12,No,1:44.241
Azerbaijan,5,55,Carlos Sainz,Ferrari,4,51,+45.491,10,No,1:45.175
Azerbaijan,6,44,Lewis Hamilton,Mercedes,5,51,+46.145,8,No,1:45.346
Azerbaijan,7,18,Lance Stroll,Aston Martin Aramco Mercedes,9,51,+51.617,6,No,1:45.627
Azerbaijan,8,63,George Russell,Mercedes,11,51,+74.240,5,Yes,1:43.370
Azerbaijan,9,4,Lando Norris,McLaren Mercedes,7,51,+80.376,2,No,1:45.738
Azerbaijan,10,22,Yuki Tsunoda,AlphaTauri Honda RBPT,8,51,+83.862,1,No,1:45.727
Azerbaijan,11,81,Oscar Piastri,McLaren Mercedes,10,51,+86.501,0,No,1:45.631
Azerbaijan,12,23,Alexander Albon,Williams Mercedes,12,51,+88.623,0,No,1:45.925
Azerbaijan,13,20,Kevin Magnussen,Haas Ferrari,16,51,+89.729,0,No,1:45.850
Azerbaijan,14,10,Pierre Gasly,Alpine Renault,17,51,+91.332,0,No,1:45.540
Azerbaijan,15,31,Esteban Ocon,Alpine Renault,19,51,+97.794,0,No,1:45.908
Azerbaijan,16,2,Logan Sargeant,Williams Mercedes,14,51,+100.943,0,No,1:46.501
Azerbaijan,17,27,Nico Hulkenberg,Haas Ferrari,20,50,+1 lap,0,No,1:46.731
Azerbaijan,18,77,Valtteri Bottas,Alfa Romeo Ferrari,13,50,+1 lap,0,No,1:46.304
Azerbaijan,NC,24,Guanyu Zhou,Alfa Romeo Ferrari,15,36,DNF,0,No,1:47.553
Azerbaijan,NC,21,Nyck De Vries,AlphaTauri Honda RBPT,18,9,DNF,0,No,1:48.781
Miami,1,1,Max Verstappen,Red Bull Racing Honda RBPT,9,57,1:27:38.241,26,Yes,1:29.708
Miami,2,11,Sergio Perez,Red Bull Racing Honda RBPT,1,57,+5.384,18,No,1:30.560
Miami,3,14,Fernando Alonso,Aston Martin Aramco Mercedes,2,57,+26.305,15,No,1:30.519
Miami,4,63,George Russell,Mercedes,6,57,+33.229,12,No,1:31.015
Miami,5,55,Carlos Sainz,Ferrari,3,57,+42.511,10,No,1:31.362
Miami,6,44,Lewis Hamilton,Mercedes,13,57,+51.249,8,No,1:30.669
Miami,7,16,Charles Leclerc,Ferrari,7,57,+52.988,6,No,1:31.434
Miami,8,10,Pierre Gasly,Alpine Renault,5,57,+55.670,4,No,1:31.971
Miami,9,31,Esteban Ocon,Alpine Renault,8,57,+58.123,2,No,1:31.143
Miami,10,20,Kevin Magnussen,Haas Ferrari,4,57,+62.945,1,No,1:31.691
Miami,11,22,Yuki Tsunoda,AlphaTauri Honda RBPT,17,57,+64.309,0,No,1:31.038
Miami,12,18,Lance Stroll,Aston Martin Aramco Mercedes,18,57,+64.754,0,No,1:30.862
Miami,13,77,Valtteri Bottas,Alfa Romeo Ferrari,10,57,+71.637,0,No,1:31.838
Miami,14,23,Alexander Albon,Williams Mercedes,11,57,+72.861,0,No,1:31.852
Miami,15,27,Nico Hulkenberg,Haas Ferrari,12,57,+74.950,0,No,1:30.901
Miami,16,24,Guanyu Zhou,Alfa Romeo Ferrari,14,57,+78.440,0,No,1:31.736
Miami,17,4,Lando Norris,McLaren Mercedes,16,57,+87.717,0,No,1:32.401
Miami,18,21,Nyck De Vries,AlphaTauri Honda RBPT,15,57,+88.949,0,No,1:31.562
Miami,19,81,Oscar Piastri,McLaren Mercedes,19,56,+1 lap,0,No,1:32.006
Miami,20,2,Logan Sargeant,Williams Mercedes,20,56,+1 lap,0,No,1:32.384
Monaco,1,1,Max Verstappen,Red Bull Racing Honda RBPT,1,78,1:48:51.980,25,No,1:16.604
Monaco,2,14,Fernando Alonso,Aston Martin Aramco Mercedes,2,78,+27.921,18,No,1:16.674
Monaco,3,31,Esteban Ocon,Alpine Renault,3,78,+36.990,15,No,1:16.528
Monaco,4,44,Lewis Hamilton,Mercedes,5,78,+39.062,13,Yes,1:15.650
Monaco,5,63,George Russell,Mercedes,8,78,+56.284,10,No,1:16.798
Monaco,6,16,Charles Leclerc,Ferrari,6,78,+61.890,8,No,1:15.773
Monaco,7,10,Pierre Gasly,Alpine Renault,7,78,+62.362,6,No,1:15.831
Monaco,8,55,Carlos Sainz,Ferrari,4,78,+63.391,4,No,1:16.449
Monaco,9,4,Lando Norris,McLaren Mercedes,10,77,+1 lap,2,No,1:17.844
Monaco,10,81,Oscar Piastri,McLaren Mercedes,11,77,+1 lap,1,No,1:17.513
Monaco,11,77,Valtteri Bottas,Alfa Romeo Ferrari,15,77,+1 lap,0,No,1:17.824
Monaco,12,21,Nyck De Vries,AlphaTauri Honda RBPT,12,77,+1 lap,0,No,1:17.561
Monaco,13,24,Guanyu Zhou,Alfa Romeo Ferrari,19,77,+1 lap,0,No,1:16.926
Monaco,14,23,Alexander Albon,Williams Mercedes,13,77,+1 lap,0,No,1:16.672
Monaco,15,22,Yuki Tsunoda,AlphaTauri Honda RBPT,9,76,+2 laps,0,No,1:17.680
Monaco,16,11,Sergio Perez,Red Bull Racing Honda RBPT,20,76,+2 laps,0,No,1:16.269
Monaco,17,27,Nico Hulkenberg,Haas Ferrari,18,76,+2 laps,0,No,1:16.991
Monaco,18,2,Logan Sargeant,Williams Mercedes,16,76,+2 laps,0,No,1:17.302
Monaco,19,20,Kevin Magnussen,Haas Ferrari,17,70,DNF,0,No,1:18.351
Monaco,NC,18,Lance Stroll,Aston Martin Aramco Mercedes,14,53,DNF,0,No,1:17.769
Spain,1,1,Max Verstappen,Red Bull Racing Honda RBPT,1,66,1:27:57.940,26,Yes,1:16.330
Spain,2,44,Lewis Hamilton,Mercedes,4,66,+24.090,18,No,1:16.676
Spain,3,63,George Russell,Mercedes,12,66,+32.389,15,No,1:17.875
Spain,4,11,Sergio Perez,Red Bull Racing Honda RBPT,11,66,+35.812,12,No,1:16.666
Spain,5,55,Carlos Sainz,Ferrari,2,66,+45.698,10,No,1:18.403
Spain,6,18,Lance Stroll,Aston Martin Aramco Mercedes,5,66,+63.320,8,No,1:18.722
Spain,7,14,Fernando Alonso,Aston Martin Aramco Mercedes,8,66,+64.127,6,No,1:18.083
Spain,8,31,Esteban Ocon,Alpine Renault,6,66,+69.242,4,No,1:18.946
Spain,9,24,Guanyu Zhou,Alfa Romeo Ferrari,13,66,+71.878,2,No,1:18.753
Spain,10,10,Pierre Gasly,Alpine Renault,10,66,+73.530,1,No,1:18.375
Spain,11,16,Charles Leclerc,Ferrari,19,66,+74.419,0,No,1:18.357
Spain,12,22,Yuki Tsunoda,AlphaTauri Honda RBPT,15,66,+75.416,0,No,1:18.904
Spain,13,81,Oscar Piastri,McLaren Mercedes,9,65,+1 lap,0,No,1:18.679
Spain,14,21,Nyck De Vries,AlphaTauri Honda RBPT,14,65,+1 lap,0,No,1:18.594
Spain,15,27,Nico Hulkenberg,Haas Ferrari,7,65,+1 lap,0,No,1:18.776
Spain,16,23,Alexander Albon,Williams Mercedes,18,65,+1 lap,0,No,1:19.133
Spain,17,4,Lando Norris,McLaren Mercedes,3,65,+1 lap,0,No,1:17.182
Spain,18,20,Kevin Magnussen,Haas Ferrari,17,65,+1 lap,0,No,1:18.069
Spain,19,77,Valtteri Bottas,Alfa Romeo Ferrari,16,65,+1 lap,0,No,1:18.242
Spain,20,2,Logan Sargeant,Williams Mercedes,20,65,+1 lap,0,No,1:19.247
Canada,1,1,Max Verstappen,Red Bull Racing Honda RBPT,1,70,1:33:58.348,25,No,1:15.594
Canada,2,14,Fernando Alonso,Aston Martin Aramco Mercedes,2,70,+9.570,18,No,1:15.779
Canada,3,44,Lewis Hamilton,Mercedes,3,70,+14.168,15,No,1:15.396
Canada,4,16,Charles Leclerc,Ferrari,10,70,+18.648,12,No,1:15.907
Canada,5,55,Carlos Sainz,Ferrari,11,70,+21.540,10,No,1:15.911
Canada,6,11,Sergio Perez,Red Bull Racing Honda RBPT,12,70,+51.028,9,Yes,1:14.481
Canada,7,23,Alexander Albon,Williams Mercedes,9,70,+60.813,6,No,1:16.917
Canada,8,31,Esteban Ocon,Alpine Renault,6,70,+61.692,4,No,1:16.782
Canada,9,18,Lance Stroll,Aston Martin Aramco Mercedes,16,70,+64.402,2,No,1:16.564
Canada,10,77,Valtteri Bottas,Alfa Romeo Ferrari,14,70,+64.432,1,No,1:16.625
Canada,11,81,Oscar Piastri,McLaren Mercedes,8,70,+65.101,0,No,1:16.598
Canada,12,10,Pierre Gasly,Alpine Renault,15,70,+65.249,0,No,1:16.425
Canada,13,4,Lando Norris,McLaren Mercedes,7,70,+68.363,0,No,1:16.374
Canada,14,22,Yuki Tsunoda,AlphaTauri Honda RBPT,19,70,+73.423,0,No,1:16.666
Canada,15,27,Nico Hulkenberg,Haas Ferrari,5,69,+1 lap,0,No,1:17.232
Canada,16,24,Guanyu Zhou,Alfa Romeo Ferrari,20,69,+1 lap,0,No,1:17.090
Canada,17,20,Kevin Magnussen,Haas Ferrari,13,69,+1 lap,0,No,1:16.126
Canada,18,21,Nyck De Vries,AlphaTauri Honda RBPT,17,69,+1 lap,0,No,1:16.656
Canada,NC,63,George Russell,Mercedes,4,53,DNF,0,No,1:17.097
Canada,NC,2,Logan Sargeant,Williams Mercedes,18,6,DNF,0,No,1:18.437
Austria,1,1,Max Verstappen,Red Bull Racing Honda RBPT,1,71,1:25:33.607,26,Yes,1:07.012
Austria,2,16,Charles Leclerc,Ferrari,2,71,+5.155,18,No,1:08.820
Austria,3,11,Sergio Perez,Red Bull Racing Honda RBPT,15,71,+17.188,15,No,1:08.111
Austria,4,4,Lando Norris,McLaren Mercedes,4,71,+26.327,12,No,1:08.739
Austria,5,14,Fernando Alonso,Aston Martin Aramco Mercedes,7,71,+30.317,10,No,1:09.108
Austria,6,55,Carlos Sainz,Ferrari,3,71,+31.377,8,No,1:08.880
Austria,7,63,George Russell,Mercedes,11,71,+48.403,6,No,1:09.283
Austria,8,44,Lewis Hamilton,Mercedes,5,71,+49.196,4,No,1:09.160
Austria,9,18,Lance Stroll,Aston Martin Aramco Mercedes,6,71,+59.043,2,No,1:08.463
Austria,10,10,Pierre Gasly,Alpine Renault,9,71,+67.667,1,No,1:09.046
Austria,11,23,Alexander Albon,Williams Mercedes,10,71,+79.767,0,No,1:09.560
Austria,12,24,Guanyu Zhou,Alfa Romeo Ferrari,17,70,+1 lap,0,No,1:09.786
Austria,13,2,Logan Sargeant,Williams Mercedes,18,70,+1 lap,0,No,1:09.611
Austria,14,31,Esteban Ocon,Alpine Renault,12,70,+1 lap,0,No,1:09.797
Austria,15,77,Valtteri Bottas,Alfa Romeo Ferrari,14,70,+1 lap,0,No,1:09.940
Austria,16,81,Oscar Piastri,McLaren Mercedes,13,70,+1 lap,0,No,1:09.862
Austria,17,21,Nyck De Vries,AlphaTauri Honda RBPT,20,70,+1 lap,0,No,1:09.852
Austria,18,20,Kevin Magnussen,Haas Ferrari,19,70,+1 lap,0,No,1:10.176
Austria,19,22,Yuki Tsunoda,AlphaTauri Honda RBPT,16,70,+1 lap,0,No,1:09.620
Austria,NC,27,Nico Hulkenberg,Haas Ferrari,8,12,DNF,0,No,1:11.066
Great Britain,1,1,Max Verstappen,Red Bull Racing Honda RBPT,1,52,1:25:16.938,26,Yes,1:30.275
Great Britain,2,4,Lando Norris,McLaren Mercedes,2,52,+3.798,18,No,1:30.543
Great Britain,3,44,Lewis Hamilton,Mercedes,7,52,+6.783,15,No,1:30.545
Great Britain,4,81,Oscar Piastri,McLaren Mercedes,3,52,+7.776,12,No,1:30.850
Great Britain,5,63,George Russell,Mercedes,6,52,+11.206,10,No,1:31.124
Great Britain,6,11,Sergio Perez,Red Bull Racing Honda RBPT,15,52,+12.882,8,No,1:30.914
Great Britain,7,14,Fernando Alonso,Aston Martin Aramco Mercedes,9,52,+17.193,6,No,1:31.338
Great Britain,8,23,Alexander Albon,Williams Mercedes,8,52,+17.878,4,No,1:31.273
Great Britain,9,16,Charles Leclerc,Ferrari,4,52,+18.689,2,No,1:31.255
Great Britain,10,55,Carlos Sainz,Ferrari,5,52,+19.448,1,No,1:31.366
Great Britain,11,2,Logan Sargeant,Williams Mercedes,14,52,+23.632,0,No,1:31.699
Great Britain,12,77,Valtteri Bottas,Alfa Romeo Ferrari,20,52,+25.830,0,No,1:31.852
Great Britain,13,27,Nico Hulkenberg,Haas Ferrari,11,52,+26.663,0,No,1:31.776
Great Britain,14,18,Lance Stroll,Aston Martin Aramco Mercedes,12,52,+27.483,0,No,1:31.508
Great Britain,15,24,Guanyu Zhou,Alfa Romeo Ferrari,17,52,+29.820,0,No,1:31.769
Great Britain,16,22,Yuki Tsunoda,AlphaTauri Honda RBPT,16,52,+31.225,0,No,1:32.084
Great Britain,17,21,Nyck De Vries,AlphaTauri Honda RBPT,18,52,+33.128,0,No,1:32.353
Great Britain,18,10,Pierre Gasly,Alpine Renault,10,46,DNF,0,No,1:31.539
Great Britain,NC,20,Kevin Magnussen,Haas Ferrari,19,31,DNF,0,No,1:33.356
Great Britain,NC,31,Esteban Ocon,Alpine Renault,13,9,DNF,0,No,1:33.941
Hungary,1,1,Max Verstappen,Red Bull Racing Honda RBPT,2,70,1:38:08.634,26,Yes,1:20.504
Hungary,2,4,Lando Norris,McLaren Mercedes,3,70,+33.731,18,No,1:22.178
Hungary,3,11,Sergio Perez,Red Bull Racing Honda RBPT,9,70,+37.603,15,No,1:22.295
Hungary,4,44,Lewis Hamilton,Mercedes,1,70,+39.134,12,No,1:21.601
Hungary,5,81,Oscar Piastri,McLaren Mercedes,4,70,+62.572,10,No,1:22.736
Hungary,6,63,George Russell,Mercedes,18,70,+65.825,8,No,1:22.158
Hungary,7,16,Charles Leclerc,Ferrari,6,70,+70.317,6,No,1:22.469
Hungary,8,55,Carlos Sainz,Ferrari,11,70,+71.073,4,No,1:22.584
Hungary,9,14,Fernando Alonso,Aston Martin Aramco Mercedes,8,70,+75.709,2,No,1:22.745
Hungary,10,18,Lance Stroll,Aston Martin Aramco Mercedes,14,69,+1 lap,1,No,1:23.425
Hungary,11,23,Alexander Albon,Williams Mercedes,16,69,+1 lap,0,No,1:24.051
Hungary,12,77,Valtteri Bottas,Alfa Romeo Ferrari,7,69,+1 lap,0,No,1:23.651
Hungary,13,3,Daniel Ricciardo,AlphaTauri Honda RBPT,13,69,+1 lap,0,No,1:23.934
Hungary,14,27,Nico Hulkenberg,Haas Ferrari,10,69,+1 lap,0,No,1:23.573
Hungary,15,22,Yuki Tsunoda,AlphaTauri Honda RBPT,17,69,+1 lap,0,No,1:23.269
Hungary,16,24,Guanyu Zhou,Alfa Romeo Ferrari,5,69,+1 lap,0,No,1:23.743
Hungary,17,20,Kevin Magnussen,Haas Ferrari,19,69,+1 lap,0,No,1:23.864
Hungary,18,2,Logan Sargeant,Williams Mercedes,20,67,DNF,0,No,1:23.496
Hungary,NC,31,Esteban Ocon,Alpine Renault,12,2,DNF,0,No,
Hungary,NC,10,Pierre Gasly,Alpine Renault,15,1,DNF,0,No,
Belgium,1,1,Max Verstappen,Red Bull Racing Honda RBPT,6,44,1:22:30.450,25,No,1:48.922
Belgium,2,11,Sergio Perez,Red Bull Racing Honda RBPT,2,44,+22.305,18,No,1:50.308
Belgium,3,16,Charles Leclerc,Ferrari,1,44,+32.259,15,No,1:50.436
Belgium,4,44,Lewis Hamilton,Mercedes,3,44,+49.671,13,Yes,1:47.305
Belgium,5,14,Fernando Alonso,Aston Martin Aramco Mercedes,9,44,+56.184,10,No,1:50.938
Belgium,6,63,George Russell,Mercedes,8,44,+63.101,8,No,1:50.603
Belgium,7,4,Lando Norris,McLaren Mercedes,7,44,+73.719,6,No,1:51.682
Belgium,8,31,Esteban Ocon,Alpine Renault,14,44,+74.719,4,No,1:50.439
Belgium,9,18,Lance Stroll,Aston Martin Aramco Mercedes,10,44,+79.340,2,No,1:51.297
Belgium,10,22,Yuki Tsunoda,AlphaTauri Honda RBPT,11,44,+80.221,1,No,1:51.394
Belgium,11,10,Pierre Gasly,Alpine Renault,12,44,+83.084,0,No,1:50.911
Belgium,12,77,Valtteri Bottas,Alfa Romeo Ferrari,13,44,+85.191,0,No,1:50.515
Belgium,13,24,Guanyu Zhou,Alfa Romeo Ferrari,17,44,+95.441,0,No,1:50.188
Belgium,14,23,Alexander Albon,Williams Mercedes,15,44,+96.184,0,No,1:49.841
Belgium,15,20,Kevin Magnussen,Haas Ferrari,16,44,+101.754,0,No,1:50.993
Belgium,16,3,Daniel Ricciardo,AlphaTauri Honda RBPT,19,44,+103.071,0,No,1:50.994
Belgium,17,2,Logan Sargeant,Williams Mercedes,18,44,+104.476,0,No,1:50.486
Belgium,18,27,Nico Hulkenberg,Haas Ferrari,20,44,+110.450,0,No,1:49.907
Belgium,NC,55,Carlos Sainz,Ferrari,4,23,DNF,0,No,1:53.138
Belgium,NC,81,Oscar Piastri,McLaren Mercedes,5,0,DNF,0,No,
Netherlands,1,1,Max Verstappen,Red Bull Racing Honda RBPT,1,72,2:24:04.411,25,No,1:13.889
Netherlands,2,14,Fernando Alonso,Aston Martin Aramco Mercedes,5,72,+3.744,19,Yes,1:13.837
Netherlands,3,10,Pierre Gasly,Alpine Renault,12,72,+7.058,15,No,1:14.441
Netherlands,4,11,Sergio Perez,Red Bull Racing Honda RBPT,7,72,+10.068,12,No,1:14.231
Netherlands,5,55,Carlos Sainz,Ferrari,6,72,+12.541,10,No,1:14.934
Netherlands,6,44,Lewis Hamilton,Mercedes,13,72,+13.209,8,No,1:13.904
Netherlands,7,4,Lando Norris,McLaren Mercedes,2,72,+13.232,6,No,1:14.390
Netherlands,8,23,Alexander Albon,Williams Mercedes,4,72,+15.155,4,No,1:14.468
Netherlands,9,81,Oscar Piastri,McLaren Mercedes,8,72,+16.580,2,No,1:14.299
Netherlands,10,31,Esteban Ocon,Alpine Renault,16,72,+18.346,1,No,1:14.570
Netherlands,11,18,Lance Stroll,Aston Martin Aramco Mercedes,11,72,+20.087,0,No,1:15.171
Netherlands,12,27,Nico Hulkenberg,Haas Ferrari,14,72,+20.840,0,No,1:14.472
Netherlands,13,40,Liam Lawson,AlphaTauri Honda RBPT,19,72,+26.147,0,No,1:14.820
Netherlands,14,77,Valtteri Bottas,Alfa Romeo Ferrari,18,72,+27.388,0,No,1:14.698
Netherlands,15,22,Yuki Tsunoda,AlphaTauri Honda RBPT,17,72,+29.893,0,No,1:16.253
Netherlands,16,20,Kevin Magnussen,Haas Ferrari,20,72,+31.410,0,No,1:15.489
Netherlands,17,63,George Russell,Mercedes,3,72,+55.754,0,No,1:15.124
Netherlands,NC,24,Guanyu Zhou,Alfa Romeo Ferrari,15,62,DNF,0,No,1:15.417
Netherlands,NC,16,Charles Leclerc,Ferrari,9,41,DNF,0,No,1:17.277
Netherlands,NC,2,Logan Sargeant,Williams Mercedes,10,14,DNF,0,No,1:17.399
Italy,1,1,Max Verstappen,Red Bull Racing Honda RBPT,2,51,1:13:41.143,25,No,1:25.240
Italy,2,11,Sergio Perez,Red Bull Racing Honda RBPT,5,51,+6.064,18,No,1:25.522
Italy,3,55,Carlos Sainz,Ferrari,1,51,+11.193,15,No,1:25.501
Italy,4,16,Charles Leclerc,Ferrari,3,51,+11.377,12,No,1:25.580
Italy,5,63,George Russell,Mercedes,4,51,+23.028,10,No,1:25.847
Italy,6,44,Lewis Hamilton,Mercedes,8,51,+42.679,8,No,1:25.582
Italy,7,23,Alexander Albon,Williams Mercedes,6,51,+45.106,6,No,1:26.389
Italy,8,4,Lando Norris,McLaren Mercedes,9,51,+45.449,4,No,1:26.144
Italy,9,14,Fernando Alonso,Aston Martin Aramco Mercedes,10,51,+46.294,2,No,1:26.105
Italy,10,77,Valtteri Bottas,Alfa Romeo Ferrari,14,51,+64.056,1,No,1:25.988
Italy,11,40,Liam Lawson,AlphaTauri Honda RBPT,12,51,+70.638,0,No,1:25.842
Italy,12,81,Oscar Piastri,McLaren Mercedes,7,51,+73.074,0,Yes,1:25.072
Italy,13,2,Logan Sargeant,Williams Mercedes,15,51,+78.557,0,No,1:26.840
Italy,14,24,Guanyu Zhou,Alfa Romeo Ferrari,16,51,+80.164,0,No,1:25.983
Italy,15,10,Pierre Gasly,Alpine Renault,17,51,+82.510,0,No,1:25.758
Italy,16,18,Lance Stroll,Aston Martin Aramco Mercedes,20,51,+87.266,0,No,1:26.617
Italy,17,27,Nico Hulkenberg,Haas Ferrari,13,50,+1 lap,0,No,1:25.894
Italy,18,20,Kevin Magnussen,Haas Ferrari,19,50,+1 lap,0,No,1:26.278
Italy,NC,31,Esteban Ocon,Alpine Renault,18,39,DNF,0,No,1:26.963
Italy,NC,22,Yuki Tsunoda,AlphaTauri Honda RBPT,11,0,DNS,0,No,
Singapore,1,55,Carlos Sainz,Ferrari,1,62,1:46:37.418,25,No,1:37.666
Singapore,2,4,Lando Norris,McLaren Mercedes,4,62,+0.812,18,No,1:38.046
Singapore,3,44,Lewis Hamilton,Mercedes,5,62,+1.269,16,Yes,1:35.867
Singapore,4,16,Charles Leclerc,Ferrari,3,62,+21.177,12,No,1:38.275
Singapore,5,1,Max Verstappen,Red Bull Racing Honda RBPT,11,62,+21.441,10,No,1:36.575
Singapore,6,10,Pierre Gasly,Alpine Renault,12,62,+38.441,8,No,1:38.277
Singapore,7,81,Oscar Piastri,McLaren Mercedes,17,62,+41.479,6,No,1:38.492
Singapore,8,11,Sergio Perez,Red Bull Racing Honda RBPT,13,62,+54.534,4,No,1:37.108
Singapore,9,40,Liam Lawson,AlphaTauri Honda RBPT,10,62,+65.918,2,No,1:39.028
Singapore,10,20,Kevin Magnussen,Haas Ferrari,6,62,+72.116,1,No,1:38.107
Singapore,11,23,Alexander Albon,Williams Mercedes,14,62,+73.417,0,No,1:37.342
Singapore,12,24,Guanyu Zhou,Alfa Romeo Ferrari,19,62,+83.649,0,No,1:39.316
Singapore,13,27,Nico Hulkenberg,Haas Ferrari,9,62,+85.201,0,No,1:39.923
Singapore,14,2,Logan Sargeant,Williams Mercedes,18,62,+86.889,0,No,1:38.531
Singapore,15,14,Fernando Alonso,Aston Martin Aramco Mercedes,7,62,+87.603,0,No,1:36.456
Singapore,16,63,George Russell,Mercedes,2,61,DNF,0,No,1:36.273
Singapore,NC,77,Valtteri Bottas,Alfa Romeo Ferrari,16,51,DNF,0,No,1:38.075
Singapore,NC,31,Esteban Ocon,Alpine Renault,8,42,DNF,0,No,1:39.930
Singapore,NC,22,Yuki Tsunoda,AlphaTauri Honda RBPT,15,0,DNF,0,No,
Singapore,NC,18,Lance Stroll,Aston Martin Aramco Mercedes,20,0,DNS,0,No,
Japan,1,1,Max Verstappen,Red Bull Racing Honda RBPT,1,53,1:30:58.421,26,Yes,1:34.183
Japan,2,4,Lando Norris,McLaren Mercedes,3,53,+19.387,18,No,1:35.247
Japan,3,81,Oscar Piastri,McLaren Mercedes,2,53,+36.494,15,No,1:36.328
Japan,4,16,Charles Leclerc,Ferrari,4,53,+43.998,12,No,1:36.362
Japan,5,44,Lewis Hamilton,Mercedes,7,53,+49.376,10,No,1:35.611
Japan,6,55,Carlos Sainz,Ferrari,6,53,+50.221,8,No,1:36.187
Japan,7,63,George Russell,Mercedes,8,53,+57.659,6,No,1:37.653
Japan,8,14,Fernando Alonso,Aston Martin Aramco Mercedes,10,53,+74.725,4,No,1:37.203
Japan,9,31,Esteban Ocon,Alpine Renault,14,53,+79.678,2,No,1:37.398
Japan,10,10,Pierre Gasly,Alpine Renault,12,53,+83.155,1,No,1:36.371
Japan,11,40,Liam Lawson,AlphaTauri Honda RBPT,11,52,+1 lap,0,No,1:38.267
Japan,12,22,Yuki Tsunoda,AlphaTauri Honda RBPT,9,52,+1 lap,0,No,1:37.768
Japan,13,24,Guanyu Zhou,Alfa Romeo Ferrari,19,52,+1 lap,0,No,1:37.791
Japan,14,27,Nico Hulkenberg,Haas Ferrari,18,52,+1 lap,0,No,1:37.250
Japan,15,20,Kevin Magnussen,Haas Ferrari,15,52,+1 lap,0,No,1:37.842
Japan,NC,23,Alexander Albon,Williams Mercedes,13,26,DNF,0,No,1:39.185
Japan,NC,2,Logan Sargeant,Williams Mercedes,20,22,DNF,0,No,1:38.848
Japan,NC,18,Lance Stroll,Aston Martin Aramco Mercedes,17,20,DNF,0,No,1:39.050
Japan,NC,11,Sergio Perez,Red Bull Racing Honda RBPT,5,15,DNF,0,No,1:39.704
Japan,NC,77,Valtteri Bottas,Alfa Romeo Ferrari,16,7,DNF,0,No,2:02.755
Qatar,1,1,Max Verstappen,Red Bull Racing Honda RBPT,1,57,1:27:39.168,26,Yes,1:24.319
Qatar,2,81,Oscar Piastri,McLaren Mercedes,6,57,+4.833,18,No,1:24.921
Qatar,3,4,Lando Norris,McLaren Mercedes,10,57,+5.969,15,No,1:24.842
Qatar,4,63,George Russell,Mercedes,2,57,+34.119,12,No,1:25.770
Qatar,5,16,Charles Leclerc,Ferrari,5,57,+38.976,10,No,1:24.992
Qatar,6,14,Fernando Alonso,Aston Martin Aramco Mercedes,4,57,+49.032,8,No,1:26.045
Qatar,7,31,Esteban Ocon,Alpine Renault,8,57,+62.390,6,No,1:26.450
Qatar,8,77,Valtteri Bottas,Alfa Romeo Ferrari,9,57,+66.563,4,No,1:26.652
Qatar,9,24,Guanyu Zhou,Alfa Romeo Ferrari,19,57,+76.127,2,No,1:26.323
Qatar,10,11,Sergio Perez,Red Bull Racing Honda RBPT,20,57,+80.181,1,No,1:26.220
Qatar,11,18,Lance Stroll,Aston Martin Aramco Mercedes,16,57,+81.652,0,No,1:26.352
Qatar,12,10,Pierre Gasly,Alpine Renault,7,57,+82.300,0,No,1:26.310
Qatar,13,23,Alexander Albon,Williams Mercedes,13,57,+91.014,0,No,1:26.666
Qatar,14,20,Kevin Magnussen,Haas Ferrari,18,56,+1 lap,0,No,1:27.067
Qatar,15,22,Yuki Tsunoda,AlphaTauri Honda RBPT,11,56,+1 lap,0,No,1:27.174
Qatar,16,27,Nico Hulkenberg,Haas Ferrari,14,56,+1 lap,0,No,1:26.499
Qatar,17,40,Liam Lawson,AlphaTauri Honda RBPT,17,56,+1 lap,0,No,1:27.113
Qatar,NC,2,Logan Sargeant,Williams Mercedes,15,40,DNF,0,No,1:27.983
Qatar,NC,44,Lewis Hamilton,Mercedes,3,0,DNF,0,No,
Qatar,NC,55,Carlos Sainz,Ferrari,12,0,DNS,0,No,
United States,1,1,Max Verstappen,Red Bull Racing Honda RBPT,6,56,1:35:21.362,25,No,1:40.028
United States,DQ,44,Lewis Hamilton,Mercedes,3,56,+2.225,0,No,1:39.582
United States,2,4,Lando Norris,McLaren Mercedes,2,56,+10.730,18,No,1:39.985
United States,3,55,Carlos Sainz,Ferrari,4,56,+15.134,15,No,1:40.034
United States,4,11,Sergio Perez,Red Bull Racing Honda RBPT,9,56,+18.460,12,No,1:39.737
United States,DQ,16,Charles Leclerc,Ferrari,1,56,+24.662,0,No,1:41.025
United States,5,63,George Russell,Mercedes,5,56,+24.999,10,No,1:39.393
United States,6,10,Pierre Gasly,Alpine Renault,7,56,+47.996,8,No,1:40.412
United States,7,18,Lance Stroll,Aston Martin Aramco Mercedes,20,56,+48.696,6,No,1:39.908
United States,8,22,Yuki Tsunoda,AlphaTauri Honda RBPT,11,56,+74.385,5,Yes,1:38.139
United States,9,23,Alexander Albon,Williams Mercedes,15,56,+86.714,2,No,1:41.371
United States,10,2,Logan Sargeant,Williams Mercedes,16,56,+87.998,1,No,1:41.238
United States,11,27,Nico Hulkenberg,Haas Ferrari,18,56,+89.904,0,No,1:40.925
United States,12,77,Valtteri Bottas,Alfa Romeo Ferrari,13,56,+98.601,0,No,1:41.972
United States,13,24,Guanyu Zhou,Alfa Romeo Ferrari,12,55,+1 lap,0,No,1:41.879
United States,14,20,Kevin Magnussen,Haas Ferrari,17,55,+1 lap,0,No,1:41.506
United States,15,3,Daniel Ricciardo,AlphaTauri Honda RBPT,14,55,+1 lap,0,No,1:39.366
United States,NC,14,Fernando Alonso,Aston Martin Aramco Mercedes,19,49,DNF,0,No,1:39.954
United States,NC,81,Oscar Piastri,McLaren Mercedes,10,10,DNF,0,No,1:42.705
United States,NC,31,Esteban Ocon,Alpine Renault,8,6,DNF,0,No,1:44.789
Mexico,1,1,Max Verstappen,Red Bull Racing Honda RBPT,3,71,2:02:30.814,25,No,1:21.644
Mexico,2,44,Lewis Hamilton,Mercedes,6,71,+13.875,19,Yes,1:21.334
Mexico,3,16,Charles Leclerc,Ferrari,1,71,+23.124,15,No,1:22.332
Mexico,4,55,Carlos Sainz,Ferrari,2,71,+27.154,12,No,1:22.539
Mexico,5,4,Lando Norris,McLaren Mercedes,17,71,+33.266,10,No,1:21.944
Mexico,6,63,George Russell,Mercedes,8,71,+41.020,8,No,1:22.780
Mexico,7,3,Daniel Ricciardo,AlphaTauri Honda RBPT,4,71,+41.570,6,No,1:22.679
Mexico,8,81,Oscar Piastri,McLaren Mercedes,7,71,+43.104,4,No,1:22.760
Mexico,9,23,Alexander Albon,Williams Mercedes,14,71,+48.573,2,No,1:22.773
Mexico,10,31,Esteban Ocon,Alpine Renault,15,71,+62.879,1,No,1:22.976
Mexico,11,10,Pierre Gasly,Alpine Renault,11,71,+66.208,0,No,1:23.230
Mexico,12,22,Yuki Tsunoda,AlphaTauri Honda RBPT,18,71,+78.982,0,No,1:22.501
Mexico,13,27,Nico Hulkenberg,Haas Ferrari,12,71,+80.309,0,No,1:23.222
Mexico,14,24,Guanyu Zhou,Alfa Romeo Ferrari,10,71,+81.676,0,No,1:23.567
Mexico,15,77,Valtteri Bottas,Alfa Romeo Ferrari,9,71,+85.597,0,No,1:23.166
Mexico,16,2,Logan Sargeant,Williams Mercedes,19,70,DNF,0,No,1:23.003
Mexico,17,18,Lance Stroll,Aston Martin Aramco Mercedes,20,66,DNF,0,No,1:23.257
Mexico,NC,14,Fernando Alonso,Aston Martin Aramco Mercedes,13,47,DNF,0,No,1:23.531
Mexico,NC,20,Kevin Magnussen,Haas Ferrari,16,31,DNF,0,No,1:23.146
Mexico,NC,11,Sergio Perez,Red Bull Racing Honda RBPT,5,1,DNF,0,No,
Brazil,1,1,Max Verstappen,Red Bull Racing Honda RBPT,1,71,1:56:48.894,25,No,1:13.422
Brazil,2,4,Lando Norris,McLaren Mercedes,6,71,+8.227,19,Yes,1:12.486
Brazil,3,14,Fernando Alonso,Aston Martin Aramco Mercedes,4,71,+34.155,15,No,1:14.442
Brazil,4,11,Sergio Perez,Red Bull Racing Honda RBPT,9,71,+34.208,12,No,1:14.124
Brazil,5,18,Lance Stroll,Aston Martin Aramco Mercedes,3,71,+40.845,10,No,1:14.007
Brazil,6,55,Carlos Sainz,Ferrari,7,71,+50.188,8,No,1:14.406
Brazil,7,10,Pierre Gasly,Alpine Renault,15,71,+56.093,6,No,1:14.521
Brazil,8,44,Lewis Hamilton,Mercedes,5,71,+62.859,4,No,1:14.739
Brazil,9,22,Yuki Tsunoda,AlphaTauri Honda RBPT,16,71,+69.880,2,No,1:14.231
Brazil,10,31,Esteban Ocon,Alpine Renault,14,70,+1 lap,1,No,1:14.206
Brazil,11,2,Logan Sargeant,Williams Mercedes,19,70,+1 lap,0,No,1:15.738
Brazil,12,27,Nico Hulkenberg,Haas Ferrari,11,70,+1 lap,0,No,1:15.036
Brazil,13,3,Daniel Ricciardo,AlphaTauri Honda RBPT,17,70,+1 lap,0,No,1:13.866
Brazil,14,81,Oscar Piastri,McLaren Mercedes,10,69,+2 laps,0,No,1:14.310
Brazil,NC,63,George Russell,Mercedes,8,57,DNF,0,No,1:14.934
Brazil,NC,77,Valtteri Bottas,Alfa Romeo Ferrari,18,39,DNF,0,No,1:15.731
Brazil,NC,24,Guanyu Zhou,Alfa Romeo Ferrari,20,22,DNF,0,No,1:16.232
Brazil,NC,20,Kevin Magnussen,Haas Ferrari,12,0,DNF,0,No,
Brazil,NC,23,Alexander Albon,Williams Mercedes,13,0,DNF,0,No,
Brazil,NC,16,Charles Leclerc,Ferrari,2,0,DNS,0,No,
Las Vegas,1,1,Max Verstappen,Red Bull Racing Honda RBPT,2,50,1:29:08.289,25,No,1:35.614
Las Vegas,2,16,Charles Leclerc,Ferrari,1,50,+2.070,18,No,1:35.669
Las Vegas,3,11,Sergio Perez,Red Bull Racing Honda RBPT,11,50,+2.241,15,No,1:35.939
Las Vegas,4,31,Esteban Ocon,Alpine Renault,16,50,+18.665,12,No,1:36.637
Las Vegas,5,18,Lance Stroll,Aston Martin Aramco Mercedes,19,50,+20.067,10,No,1:36.584
Las Vegas,6,55,Carlos Sainz,Ferrari,12,50,+20.834,8,No,1:35.984
Las Vegas,7,44,Lewis Hamilton,Mercedes,10,50,+21.755,6,No,1:35.716
Las Vegas,8,63,George Russell,Mercedes,3,50,+23.091,4,No,1:36.071
Las Vegas,9,14,Fernando Alonso,Aston Martin Aramco Mercedes,9,50,+25.964,2,No,1:36.559
Las Vegas,10,81,Oscar Piastri,McLaren Mercedes,18,50,+29.496,2,Yes,1:35.490
Las Vegas,11,10,Pierre Gasly,Alpine Renault,4,50,+34.270,0,No,1:36.913
Las Vegas,12,23,Alexander Albon,Williams Mercedes,5,50,+43.398,0,No,1:37.357
Las Vegas,13,20,Kevin Magnussen,Haas Ferrari,8,50,+44.825,0,No,1:37.455
Las Vegas,14,3,Daniel Ricciardo,AlphaTauri Honda RBPT,14,50,+48.525,0,No,1:37.108
Las Vegas,15,24,Guanyu Zhou,Alfa Romeo Ferrari,17,50,+50.162,0,No,1:37.375
Las Vegas,16,2,Logan Sargeant,Williams Mercedes,6,50,+50.882,0,No,1:37.740
Las Vegas,17,77,Valtteri Bottas,Alfa Romeo Ferrari,7,50,+85.350,0,No,1:37.562
Las Vegas,18,22,Yuki Tsunoda,AlphaTauri Honda RBPT,20,46,DNF,0,No,1:37.587
Las Vegas,19,27,Nico Hulkenberg,Haas Ferrari,13,45,DNF,0,No,1:37.565
Las Vegas,NC,4,Lando Norris,McLaren Mercedes,15,2,DNF,0,No,1:59.327
Abu Dhabi,1,1,Max Verstappen,Red Bull Racing Honda RBPT,1,58,1:27:02.624,26,Yes,1:26.993
Abu Dhabi,2,16,Charles Leclerc,Ferrari,2,58,+17.993,18,No,1:28.199
Abu Dhabi,3,63,George Russell,Mercedes,4,58,+20.328,15,No,1:28.187
Abu Dhabi,4,11,Sergio Perez,Red Bull Racing Honda RBPT,9,58,+21.453,12,No,1:27.493
Abu Dhabi,5,4,Lando Norris,McLaren Mercedes,5,58,+24.284,10,No,1:28.164
Abu Dhabi,6,81,Oscar Piastri,McLaren Mercedes,3,58,+31.487,8,No,1:28.138
Abu Dhabi,7,14,Fernando Alonso,Aston Martin Aramco Mercedes,7,58,+39.512,6,No,1:28.256
Abu Dhabi,8,22,Yuki Tsunoda,AlphaTauri Honda RBPT,6,58,+43.088,4,No,1:29.256
Abu Dhabi,9,44,Lewis Hamilton,Mercedes,11,58,+44.424,2,No,1:28.372
Abu Dhabi,10,18,Lance Stroll,Aston Martin Aramco Mercedes,13,58,+55.632,1,No,1:28.050
Abu Dhabi,11,3,Daniel Ricciardo,AlphaTauri Honda RBPT,15,58,+56.229,0,No,1:28.571
Abu Dhabi,12,31,Esteban Ocon,Alpine Renault,12,58,+66.373,0,No,1:30.033
Abu Dhabi,13,10,Pierre Gasly,Alpine Renault,10,58,+70.360,0,No,1:29.016
Abu Dhabi,14,23,Alexander Albon,Williams Mercedes,14,58,+73.184,0,No,1:27.845
Abu Dhabi,15,27,Nico Hulkenberg,Haas Ferrari,8,58,+83.696,0,No,1:29.217
Abu Dhabi,16,2,Logan Sargeant,Williams Mercedes,20,58,+87.791,0,No,1:28.580
Abu Dhabi,17,24,Guanyu Zhou,Alfa Romeo Ferrari,19,58,+89.422,0,No,1:28.746
Abu Dhabi,18,55,Carlos Sainz,Ferrari,16,57,DNF,0,No,1:29.452
Abu Dhabi,19,77,Valtteri Bottas,Alfa Romeo Ferrari,18,57,+1 lap,0,No,1:29.863
Abu Dhabi,20,20,Kevin Magnussen,Haas Ferrari,17,57,+1 lap,0,No,1:29.934
Bahrain,1,1,Max Verstappen,Red Bull Racing Honda RBPT,1,57,1:31:44.742,26,Yes,1:32.608
Bahrain,2,11,Sergio Perez,Red Bull Racing Honda RBPT,5,57,+22.457,18,No,1:34.364
Bahrain,3,55,Carlos Sainz,Ferrari,4,57,+25.110,15,No,1:34.507
Bahrain,4,16,Charles Leclerc,Ferrari,2,57,+39.669,12,No,1:34.090
Bahrain,5,63,George Russell,Mercedes,3,57,+46.788,10,No,1:35.065
Bahrain,6,4,Lando Norris,McLaren Mercedes,7,57,+48.458,8,No,1:34.476
Bahrain,7,44,Lewis Hamilton,Mercedes,9,57,+50.324,6,No,1:34.722
Bahrain,8,81,Oscar Piastri,McLaren Mercedes,8,57,+56.082,4,No,1:34.983
Bahrain,9,14,Fernando Alonso,Aston Martin Aramco Mercedes,6,57,+74.887,2,No,1:34.199
Bahrain,10,18,Lance Stroll,Aston Martin Aramco Mercedes,12,57,+93.216,1,No,1:35.632
Bahrain,11,24,Guanyu Zhou,Kick Sauber Ferrari,17,56,+1 lap,0,No,1:35.458
Bahrain,12,20,Kevin Magnussen,Haas Ferrari,15,56,+1 lap,0,No,1:35.570
Bahrain,13,3,Daniel Ricciardo,RB Honda RBPT,14,56,+1 lap,0,No,1:35.163
Bahrain,14,22,Yuki Tsunoda,RB Honda RBPT,11,56,+1 lap,0,No,1:35.833
Bahrain,15,23,Alexander Albon,Williams Mercedes,13,56,+1 lap,0,No,1:35.723
Bahrain,16,27,Nico Hulkenberg,Haas Ferrari,10,56,+1 lap,0,No,1:34.834
Bahrain,17,31,Esteban Ocon,Alpine Renault,19,56,+1 lap,0,No,1:36.226
Bahrain,18,10,Pierre Gasly,Alpine Renault,20,56,+1 lap,0,No,1:34.805
Bahrain,19,77,Valtteri Bottas,Kick Sauber Ferrari,16,56,+1 lap,0,No,1:36.202
Bahrain,20,2,Logan Sargeant,Williams Mercedes,18,55,+2 laps,0,No,1:34.735
Saudi Arabia,1,1,Max Verstappen,Red Bull Racing Honda RBPT,1,50,1:20:43.273,25,No,1:31.773
Saudi Arabia,2,11,Sergio Perez,Red Bull Racing Honda RBPT,3,50,+13.643,18,No,1:32.273
Saudi Arabia,3,16,Charles Leclerc,Ferrari,2,50,+18.639,16,Yes,1:31.632
Saudi Arabia,4,81,Oscar Piastri,McLaren Mercedes,5,50,+32.007,12,No,1:32.310
Saudi Arabia,5,14,Fernando Alonso,Aston Martin Aramco Mercedes,4,50,+35.759,10,No,1:32.387
Saudi Arabia,6,63,George Russell,Mercedes,7,50,+39.936,8,No,1:32.254
Saudi Arabia,7,38,Oliver Bearman,Ferrari,11,50,+42.679,6,No,1:32.186
Saudi Arabia,8,4,Lando Norris,McLaren Mercedes,6,50,+45.708,4,No,1:31.944
Saudi Arabia,9,44,Lewis Hamilton,Mercedes,8,50,+47.391,2,No,1:31.746
Saudi Arabia,10,27,Nico Hulkenberg,Haas Ferrari,15,50,+76.996,1,No,1:32.366
Saudi Arabia,11,23,Alexander Albon,Williams Mercedes,12,50,+88.354,0,No,1:32.307
Saudi Arabia,12,20,Kevin Magnussen,Haas Ferrari,13,50,+105.737,0,No,1:32.338
Saudi Arabia,13,31,Esteban Ocon,Alpine Renault,17,49,+1 lap,0,No,1:33.481
Saudi Arabia,14,2,Logan Sargeant,Williams Mercedes,19,49,+1 lap,0,No,1:33.026
Saudi Arabia,15,22,Yuki Tsunoda,RB Honda RBPT,9,49,+1 lap,0,No,1:33.523
Saudi Arabia,16,3,Daniel Ricciardo,RB Honda RBPT,14,49,+1 lap,0,No,1:33.323
Saudi Arabia,17,77,Valtteri Bottas,Kick Sauber Ferrari,16,49,+1 lap,0,No,1:32.706
Saudi Arabia,18,24,Guanyu Zhou,Kick Sauber Ferrari,20,49,+1 lap,0,No,1:32.208
Saudi Arabia,NC,18,Lance Stroll,Aston Martin Aramco Mercedes,10,5,DNF,0,No,1:35.560
Saudi Arabia,NC,10,Pierre Gasly,Alpine Renault,18,1,DNF,0,No,
Australia,1,55,Carlos Sainz,Ferrari,2,58,1:20:26.843,25,No,1:20.031
Australia,2,16,Charles Leclerc,Ferrari,4,58,+2.366,19,Yes,1:19.813
Australia,3,4,Lando Norris,McLaren Mercedes,3,58,+5.904,15,No,1:19.915
Australia,4,81,Oscar Piastri,McLaren Mercedes,5,58,+35.770,12,No,1:20.199
Australia,5,11,Sergio Perez,Red Bull Racing Honda RBPT,6,58,+56.309,10,No,1:20.388
Australia,6,18,Lance Stroll,Aston Martin Aramco Mercedes,9,58,+93.222,8,No,1:20.930
Australia,7,22,Yuki Tsunoda,RB Honda RBPT,8,58,+95.601,6,No,1:21.134
Australia,8,14,Fernando Alonso,Aston Martin Aramco Mercedes,10,58,+100.992,4,No,1:20.493
Australia,9,27,Nico Hulkenberg,Haas Ferrari,16,58,+104.553,2,No,1:21.145
Australia,10,20,Kevin Magnussen,Haas Ferrari,14,57,+1 lap,1,No,1:21.082
Australia,11,23,Alexander Albon,Williams Mercedes,12,57,+1 lap,0,No,1:21.618
Australia,12,3,Daniel Ricciardo,RB Honda RBPT,18,57,+1 lap,0,No,1:21.239
Australia,13,10,Pierre Gasly,Alpine Renault,17,57,+1 lap,0,No,1:21.090
Australia,14,77,Valtteri Bottas,Kick Sauber Ferrari,13,57,+1 lap,0,No,1:21.422
Australia,15,24,Guanyu Zhou,Kick Sauber Ferrari,19,57,+1 lap,0,No,1:21.327
Australia,16,31,Esteban Ocon,Alpine Renault,15,57,+1 lap,0,No,1:21.354
Australia,17,63,George Russell,Mercedes,7,56,DNF,0,No,1:20.284
Australia,NC,44,Lewis Hamilton,Mercedes,11,15,DNF,0,No,1:22.444
Australia,NC,1,Max Verstappen,Red Bull Racing Honda RBPT,1,3,DNF,0,No,1:23.115
Japan,1,1,Max Verstappen,Red Bull Racing Honda RBPT,1,53,1:54:23.566,26,Yes,1:33.706
Japan,2,11,Sergio Perez,Red Bull Racing Honda RBPT,2,53,+12.535,18,No,1:33.945
Japan,3,55,Carlos Sainz,Ferrari,4,53,+20.866,15,No,1:33.841
Japan,4,16,Charles Leclerc,Ferrari,8,53,+26.522,12,No,1:35.044
Japan,5,4,Lando Norris,McLaren Mercedes,3,53,+29.700,10,No,1:35.186
Japan,6,14,Fernando Alonso,Aston Martin Aramco Mercedes,5,53,+44.272,8,No,1:34.726
Japan,7,63,George Russell,Mercedes,9,53,+45.951,6,No,1:34.404
Japan,8,81,Oscar Piastri,McLaren Mercedes,6,53,+47.525,4,No,1:34.802
Japan,9,44,Lewis Hamilton,Mercedes,7,53,+48.626,2,No,1:33.952
Japan,10,22,Yuki Tsunoda,RB Honda RBPT,10,52,+1 lap,1,No,1:36.342
Japan,11,27,Nico Hulkenberg,Haas Ferrari,12,52,+1 lap,0,No,1:35.325
Japan,12,18,Lance Stroll,Aston Martin Aramco Mercedes,16,52,+1 lap,0,No,1:35.798
Japan,13,20,Kevin Magnussen,Haas Ferrari,18,52,+1 lap,0,No,1:36.654
Japan,14,77,Valtteri Bottas,Kick Sauber Ferrari,13,52,+1 lap,0,No,1:36.608
Japan,15,31,Esteban Ocon,Alpine Renault,15,52,+1 lap,0,No,1:36.232
Japan,16,10,Pierre Gasly,Alpine Renault,17,52,+1 lap,0,No,1:36.642
Japan,17,2,Logan Sargeant,Williams Mercedes,19,52,+1 lap,0,No,1:34.900
Japan,NC,24,Guanyu Zhou,Kick Sauber Ferrari,20,12,DNF,0,No,1:37.160
Japan,NC,3,Daniel Ricciardo,RB Honda RBPT,11,0,DNF,0,No,
Japan,NC,23,Alexander Albon,Williams Mercedes,14,0,DNF,0,No,
China,1,1,Max Verstappen,Red Bull Racing Honda RBPT,1,56,1:40:52.554,25,No,1:38.406
China,2,4,Lando Norris,McLaren Mercedes,4,56,+13.773,18,No,1:38.751
China,3,11,Sergio Perez,Red Bull Racing Honda RBPT,2,56,+19.160,15,No,1:39.388
China,4,16,Charles Leclerc,Ferrari,6,56,+23.623,12,No,1:39.384
China,5,55,Carlos Sainz,Ferrari,7,56,+33.983,10,No,1:39.764
China,6,63,George Russell,Mercedes,8,56,+38.724,8,No,1:40.112
China,7,14,Fernando Alonso,Aston Martin Aramco Mercedes,3,56,+43.414,7,Yes,1:37.810
China,8,81,Oscar Piastri,McLaren Mercedes,5,56,+56.198,4,No,1:39.739
China,9,44,Lewis Hamilton,Mercedes,18,56,+57.986,2,No,1:40.835
China,10,27,Nico Hulkenberg,Haas Ferrari,9,56,+60.476,1,No,1:40.815
China,11,31,Esteban Ocon,Alpine Renault,13,56,+62.812,0,No,1:40.937
China,12,23,Alexander Albon,Williams Mercedes,14,56,+65.506,0,No,1:40.790
China,13,10,Pierre Gasly,Alpine Renault,15,56,+69.223,0,No,1:39.198
China,14,24,Guanyu Zhou,Kick Sauber Ferrari,16,56,+71.689,0,No,1:38.633
China,15,18,Lance Stroll,Aston Martin Aramco Mercedes,11,56,+82.786,0,No,1:39.444
China,16,20,Kevin Magnussen,Haas Ferrari,17,56,+87.533,0,No,1:41.077
China,17,2,Logan Sargeant,Williams Mercedes,20,56,+95.110,0,No,1:41.000
China,NC,3,Daniel Ricciardo,RB Honda RBPT,12,33,DNF,0,No,1:40.994
China,NC,22,Yuki Tsunoda,RB Honda RBPT,19,26,DNF,0,No,1:41.593
China,NC,77,Valtteri Bottas,Kick Sauber Ferrari,10,19,DNF,0,No,1:41.276
Miami,1,4,Lando Norris,McLaren Mercedes,5,57,1:30:49.876,25,No,1:30.980
Miami,2,1,Max Verstappen,Red Bull Racing Honda RBPT,1,57,+7.612,18,No,1:31.261
Miami,3,16,Charles Leclerc,Ferrari,2,57,+9.920,15,No,1:31.084
Miami,4,11,Sergio Perez,Red Bull Racing Honda RBPT,4,57,+14.650,12,No,1:30.855
Miami,5,55,Carlos Sainz,Ferrari,3,57,+16.407,10,No,1:30.928
Miami,6,44,Lewis Hamilton,Mercedes,8,57,+16.585,8,No,1:31.233
Miami,7,22,Yuki Tsunoda,RB Honda RBPT,10,57,+26.185,6,No,1:31.682
Miami,8,63,George Russell,Mercedes,7,57,+34.789,4,No,1:31.921
Miami,9,14,Fernando Alonso,Aston Martin Aramco Mercedes,15,57,+37.107,2,No,1:31.727
Miami,10,31,Esteban Ocon,Alpine Renault,13,57,+39.746,1,No,1:32.037
Miami,11,27,Nico Hulkenberg,Haas Ferrari,9,57,+40.789,0,No,1:31.941
Miami,12,10,Pierre Gasly,Alpine Renault,12,57,+44.958,0,No,1:32.055
Miami,13,81,Oscar Piastri,McLaren Mercedes,6,57,+49.756,0,Yes,1:30.634
Miami,14,24,Guanyu Zhou,Kick Sauber Ferrari,19,57,+49.979,0,No,1:31.991
Miami,15,3,Daniel Ricciardo,RB Honda RBPT,20,57,+50.956,0,No,1:32.122
Miami,16,77,Valtteri Bottas,Kick Sauber Ferrari,16,57,+52.356,0,No,1:32.098
Miami,17,18,Lance Stroll,Aston Martin Aramco Mercedes,11,57,+55.173,0,No,1:31.588
Miami,18,23,Alexander Albon,Williams Mercedes,14,57,+76.091,0,No,1:30.849
Miami,19,20,Kevin Magnussen,Haas Ferrari,18,57,+84.683,0,No,1:31.774
Miami,NC,2,Logan Sargeant,Williams Mercedes,17,27,DNF,0,No,1:33.452
Emilia Romagna,1,1,Max Verstappen,Red Bull Racing Honda RBPT,1,63,1:25:25.252,25,No,1:20.366
Emilia Romagna,2,4,Lando Norris,McLaren Mercedes,2,63,+0.725,18,No,1:19.994
Emilia Romagna,3,16,Charles Leclerc,Ferrari,3,63,+7.916,15,No,1:19.935
Emilia Romagna,4,81,Oscar Piastri,McLaren Mercedes,5,63,+14.132,12,No,1:19.907
Emilia Romagna,5,55,Carlos Sainz,Ferrari,4,63,+22.325,10,No,1:20.220
Emilia Romagna,6,44,Lewis Hamilton,Mercedes,8,63,+35.104,8,No,1:20.331
Emilia Romagna,7,63,George Russell,Mercedes,6,63,+47.154,7,Yes,1:18.589
Emilia Romagna,8,11,Sergio Perez,Red Bull Racing Honda RBPT,11,63,+54.776,4,No,1:19.686
Emilia Romagna,9,18,Lance Stroll,Aston Martin Aramco Mercedes,13,63,+79.556,2,No,1:20.570
Emilia Romagna,10,22,Yuki Tsunoda,RB Honda RBPT,7,62,+1 lap,1,No,1:20.936
Emilia Romagna,11,27,Nico Hulkenberg,Haas Ferrari,10,62,+1 lap,0,No,1:21.700
Emilia Romagna,12,20,Kevin Magnussen,Haas Ferrari,18,62,+1 lap,0,No,1:21.009
Emilia Romagna,13,3,Daniel Ricciardo,RB Honda RBPT,9,62,+1 lap,0,No,1:21.569
Emilia Romagna,14,31,Esteban Ocon,Alpine Renault,12,62,+1 lap,0,No,1:21.304
Emilia Romagna,15,24,Guanyu Zhou,Kick Sauber Ferrari,17,62,+1 lap,0,No,1:21.016
Emilia Romagna,16,10,Pierre Gasly,Alpine Renault,15,62,+1 lap,0,No,1:21.371
Emilia Romagna,17,2,Logan Sargeant,Williams Mercedes,19,62,+1 lap,0,No,1:21.229
Emilia Romagna,18,77,Valtteri Bottas,Kick Sauber Ferrari,16,62,+1 lap,0,No,1:21.455
Emilia Romagna,19,14,Fernando Alonso,Aston Martin Aramco Mercedes,20,62,+1 lap,0,No,1:19.004
Emilia Romagna,NC,23,Alexander Albon,Williams Mercedes,14,51,DNF,0,No,1:21.274
Monaco,1,16,Charles Leclerc,Ferrari,1,78,2:23:15.554,25,No,1:15.162
Monaco,2,81,Oscar Piastri,McLaren Mercedes,2,78,+7.152,18,No,1:16.281
Monaco,3,55,Carlos Sainz,Ferrari,3,78,+7.585,15,No,1:14.726
Monaco,4,4,Lando Norris,McLaren Mercedes,4,78,+8.650,12,No,1:15.742
Monaco,5,63,George Russell,Mercedes,5,78,+13.309,10,No,1:15.228
Monaco,6,1,Max Verstappen,Red Bull Racing Honda RBPT,6,78,+13.853,8,No,1:14.569
Monaco,7,44,Lewis Hamilton,Mercedes,7,78,+14.908,7,Yes,1:14.165
Monaco,8,22,Yuki Tsunoda,RB Honda RBPT,8,77,+1 lap,4,No,1:14.720
Monaco,9,23,Alexander Albon,Williams Mercedes,9,77,+1 lap,2,No,1:17.060
Monaco,10,10,Pierre Gasly,Alpine Renault,10,77,+1 lap,1,No,1:15.625
Monaco,11,14,Fernando Alonso,Aston Martin Aramco Mercedes,14,76,+2 laps,0,No,1:17.939
Monaco,12,3,Daniel Ricciardo,RB Honda RBPT,12,76,+2 laps,0,No,1:17.172
Monaco,13,77,Valtteri Bottas,Kick Sauber Ferrari,17,76,+2 laps,0,No,1:16.561
Monaco,14,18,Lance Stroll,Aston Martin Aramco Mercedes,13,76,+2 laps,0,No,1:16.710
Monaco,15,2,Logan Sargeant,Williams Mercedes,15,76,+2 laps,0,No,1:15.525
Monaco,16,24,Guanyu Zhou,Kick Sauber Ferrari,18,76,+2 laps,0,No,1:14.718
Monaco,NC,31,Esteban Ocon,Alpine Renault,11,0,DNF,0,No,
Monaco,NC,11,Sergio Perez,Red Bull Racing Honda RBPT,16,0,DNF,0,No,
Monaco,NC,27,Nico Hulkenberg,Haas Ferrari,19,0,DNF,0,No,
Monaco,NC,20,Kevin Magnussen,Haas Ferrari,20,0,DNF,0,No,
Canada,1,1,Max Verstappen,Red Bull Racing Honda RBPT,2,70,1:45:47.927,25,No,1:15.569
Canada,2,4,Lando Norris,McLaren Mercedes,3,70,+3.879,18,No,1:15.558
Canada,3,63,George Russell,Mercedes,1,70,+4.317,15,No,1:14.895
Canada,4,44,Lewis Hamilton,Mercedes,7,70,+4.915,13,Yes,1:14.856
Canada,5,81,Oscar Piastri,McLaren Mercedes,4,70,+10.199,10,No,1:16.247
Canada,6,14,Fernando Alonso,Aston Martin Aramco Mercedes,6,70,+17.510,8,No,1:16.303
Canada,7,18,Lance Stroll,Aston Martin Aramco Mercedes,9,70,+23.625,6,No,1:16.762
Canada,8,3,Daniel Ricciardo,RB Honda RBPT,5,70,+28.672,4,No,1:17.076
Canada,9,10,Pierre Gasly,Alpine Renault,15,70,+30.021,2,No,1:17.013
Canada,10,31,Esteban Ocon,Alpine Renault,18,70,+30.313,1,No,1:17.012
Canada,11,27,Nico Hulkenberg,Haas Ferrari,17,70,+30.824,0,No,1:16.683
Canada,12,20,Kevin Magnussen,Haas Ferrari,14,70,+31.253,0,No,1:16.499
Canada,13,77,Valtteri Bottas,Kick Sauber Ferrari,19,70,+40.487,0,No,1:17.250
Canada,14,22,Yuki Tsunoda,RB Honda RBPT,8,70,+52.694,0,No,1:17.309
Canada,15,24,Guanyu Zhou,Kick Sauber Ferrari,20,69,+1 lap,0,No,1:17.325
Canada,NC,55,Carlos Sainz,Ferrari,12,52,DNF,0,No,1:18.957
Canada,NC,23,Alexander Albon,Williams Mercedes,10,52,DNF,0,No,1:19.359
Canada,NC,11,Sergio Perez,Red Bull Racing Honda RBPT,16,51,DNF,0,No,1:18.819
Canada,NC,16,Charles Leclerc,Ferrari,11,40,DNF,0,No,1:26.012
Canada,NC,2,Logan Sargeant,Williams Mercedes,13,23,DNF,0,No,1:26.484
Spain,1,1,Max Verstappen,Red Bull Racing Honda RBPT,2,66,1:28:20.227,25,No,1:17.776
Spain,2,4,Lando Norris,McLaren Mercedes,1,66,+2.219,19,Yes,1:17.115
Spain,3,44,Lewis Hamilton,Mercedes,3,66,+17.790,15,No,1:17.809
Spain,4,63,George Russell,Mercedes,4,66,+22.320,12,No,1:18.290
Spain,5,16,Charles Leclerc,Ferrari,5,66,+22.709,10,No,1:17.897
Spain,6,55,Carlos Sainz,Ferrari,6,66,+31.028,8,No,1:18.539
Spain,7,81,Oscar Piastri,McLaren Mercedes,9,66,+33.760,6,No,1:17.874
Spain,8,11,Sergio Perez,Red Bull Racing Honda RBPT,11,66,+59.524,4,No,1:17.785
Spain,9,10,Pierre Gasly,Alpine Renault,7,66,+62.025,2,No,1:19.045
Spain,10,31,Esteban Ocon,Alpine Renault,8,66,+71.889,1,No,1:18.982
Spain,11,27,Nico Hulkenberg,Haas Ferrari,13,66,+79.215,0,No,1:18.609
Spain,12,14,Fernando Alonso,Aston Martin Aramco Mercedes,10,65,+1 lap,0,No,1:18.334
Spain,13,24,Guanyu Zhou,Kick Sauber Ferrari,15,65,+1 lap,0,No,1:18.771
Spain,14,18,Lance Stroll,Aston Martin Aramco Mercedes,14,65,+1 lap,0,No,1:19.318
Spain,15,3,Daniel Ricciardo,RB Honda RBPT,18,65,+1 lap,0,No,1:19.450
Spain,16,77,Valtteri Bottas,Kick Sauber Ferrari,12,65,+1 lap,0,No,1:19.608
Spain,17,20,Kevin Magnussen,Haas Ferrari,16,65,+1 lap,0,No,1:19.805
Spain,18,23,Alexander Albon,Williams Mercedes,20,65,+1 lap,0,No,1:19.132
Spain,19,22,Yuki Tsunoda,RB Honda RBPT,17,65,+1 lap,0,No,1:19.447
Spain,20,2,Logan Sargeant,Williams Mercedes,19,64,+2 laps,0,No,1:20.172
Austria,1,63,George Russell,Mercedes,3,71,1:24:22.798,25,No,1:09.164
Austria,2,81,Oscar Piastri,McLaren Mercedes,7,71,+1.906,18,No,1:08.697
Austria,3,55,Carlos Sainz,Ferrari,4,71,+4.533,15,No,1:09.282
Austria,4,44,Lewis Hamilton,Mercedes,5,71,+23.142,12,No,1:09.562
Austria,5,1,Max Verstappen,Red Bull Racing Honda RBPT,1,71,+37.253,10,No,1:07.719
Austria,6,27,Nico Hulkenberg,Haas Ferrari,9,71,+54.088,8,No,1:10.215
Austria,7,11,Sergio Perez,Red Bull Racing Honda RBPT,8,71,+54.672,6,No,1:09.694
Austria,8,20,Kevin Magnussen,Haas Ferrari,12,71,+60.355,4,No,1:10.125
Austria,9,3,Daniel Ricciardo,RB Honda RBPT,11,71,+61.169,2,No,1:10.426
Austria,10,10,Pierre Gasly,Alpine Renault,13,71,+61.766,1,No,1:09.609
Austria,11,16,Charles Leclerc,Ferrari,6,71,+67.056,0,No,1:09.584
Austria,12,31,Esteban Ocon,Alpine Renault,10,71,+68.325,0,No,1:09.649
Austria,13,18,Lance Stroll,Aston Martin Aramco Mercedes,17,70,+1 lap,0,No,1:10.143
Austria,14,22,Yuki Tsunoda,RB Honda RBPT,14,70,+1 lap,0,No,1:10.318
Austria,15,23,Alexander Albon,Williams Mercedes,16,70,+1 lap,0,No,1:10.364
Austria,16,77,Valtteri Bottas,Kick Sauber Ferrari,18,70,+1 lap,0,No,1:10.449
Austria,17,24,Guanyu Zhou,Kick Sauber Ferrari,20,70,+1 lap,0,No,1:10.470
Austria,18,14,Fernando Alonso,Aston Martin Aramco Mercedes,15,70,+1 lap,0,Yes,1:07.694
Austria,19,2,Logan Sargeant,Williams Mercedes,19,69,+2 laps,0,No,1:10.406
Austria,20,4,Lando Norris,McLaren Mercedes,2,64,+7 laps,0,No,1:08.016

